time/iterations,time/time_elapsed,rollout/ep_rew_mean,rollout/ep_len_mean,time/total_timesteps,time/fps,train/policy_gradient_loss,train/clip_range,train/loss,train/n_updates,train/value_loss,train/approx_kl,train/clip_fraction,train/learning_rate,train/entropy_loss,train/explained_variance
1,0,710.0,200.0,256,911,,,,,,,,,,
2,0,545.0,200.0,512,926,-0.003826771373860538,0.3,2607.682373046875,10,9443.510534667968,0.00044292235,0.0,0.0003,-2.5647894024848936,-0.0001995563507080078
3,0,493.3333333333333,200.0,768,933,-0.0008114307885989547,0.3,14910.4130859375,20,18154.59274902344,0.00014706748,0.0,0.0003,-2.564092743396759,-0.001698136329650879
4,1,344.0,200.0,1024,937,-0.002973141707479954,0.3,5968.39453125,30,9202.288122558593,0.00048280158,0.0,0.0003,-2.563775968551636,0.0017960071563720703
5,1,228.33333333333334,200.0,1280,944,-0.004519572504796088,0.3,289.59625244140625,40,497.52562789916993,0.0006419716,0.0,0.0003,-2.5633908033370973,-0.033092379570007324
6,1,247.14285714285714,200.0,1536,943,-0.0027736753108911216,0.3,363.3262939453125,50,556.956022644043,0.0004256845,0.0,0.0003,-2.563091289997101,-0.0025347471237182617
7,1,258.75,200.0,1792,943,-0.004982917942106724,0.3,8122.9609375,60,9320.99006652832,0.0007160879,0.0,0.0003,-2.561627435684204,-4.494190216064453e-05
8,2,274.0,200.0,2048,944,-0.0011069942731410265,0.3,9802.810546875,70,18417.36884765625,0.00039895205,0.0,0.0003,-2.557836616039276,0.002442598342895508
9,2,333.6363636363636,200.0,2304,943,-0.0010789689142256976,0.3,4476.60498046875,80,9269.41022796631,0.0001559048,0.0,0.0003,-2.555434548854828,0.0046086907386779785
10,2,325.8333333333333,200.0,2560,942,-0.002177168661728501,0.3,9873.5546875,90,19020.660083007813,0.00018866966,0.0,0.0003,-2.5560781598091125,0.002291083335876465
11,2,342.85714285714283,200.0,2816,941,-0.0031895575812086463,0.3,1453.8525390625,100,9405.4357421875,0.0008221483,0.0,0.0003,-2.555339825153351,0.0038109421730041504
12,3,359.3333333333333,200.0,3072,941,-0.0019271153956651687,0.3,4129.5927734375,110,9507.32822265625,0.0005636227,0.0,0.0003,-2.5557058453559875,-0.0008018016815185547
13,3,363.125,200.0,3328,941,-0.0027206246741116047,0.3,11668.931640625,120,19306.249926757813,0.00030381582,0.0,0.0003,-2.554423451423645,-0.010768294334411621
14,3,387.6470588235294,200.0,3584,942,-0.00741625705268234,0.3,5180.34619140625,130,9389.208074951172,0.0019519923,0.0,0.0003,-2.5492069125175476,0.005305647850036621
15,4,379.4736842105263,200.0,3840,942,-0.0021218798006884753,0.3,7057.53271484375,140,9385.965576171875,0.0010530755,0.0,0.0003,-2.5426283717155456,-0.004476189613342285
16,4,382.5,200.0,4096,942,-0.0026817144360393287,0.3,3766.5263671875,150,17943.97639160156,0.0006565715,0.0,0.0003,-2.5402969121932983,0.00376284122467041
17,4,394.76190476190476,200.0,4352,941,-0.00465011962223798,0.3,4232.0634765625,160,9139.438781738281,0.0014820255,0.0,0.0003,-2.538072431087494,-0.004828810691833496
18,4,406.95652173913044,200.0,4608,941,-0.008503144700080156,0.3,2622.45068359375,170,9237.905480957032,0.0066645714,0.0,0.0003,-2.5286527991294863,-0.0014791488647460938
19,5,402.5,200.0,4864,942,0.00019264861475676298,0.3,8145.810546875,180,9685.44716796875,0.0033498723,0.0,0.0003,-2.524889647960663,-0.005126833915710449
20,5,397.2,200.0,5120,945,-0.012835603684652596,0.3,2806.62353515625,190,9221.268994140624,0.0071459394,0.001171875,0.0003,-2.53329519033432,5.310773849487305e-05
21,5,398.46153846153845,200.0,5376,945,-0.003741191024892032,0.3,2899.61328125,200,9140.159887695312,0.004414009,0.0,0.0003,-2.5299533724784853,4.780292510986328e-05
22,5,412.14285714285717,200.0,5632,945,-0.004951897636055946,0.3,5314.00634765625,210,17991.85598144531,0.0038507953,0.0,0.0003,-2.5088856697082518,3.170967102050781e-05
23,6,413.44827586206895,200.0,5888,945,-0.009158684988506138,0.3,4763.23876953125,220,9180.978576660156,0.00723573,0.0,0.0003,-2.47315114736557,-0.0001322031021118164
24,6,418.3333333333333,200.0,6144,946,-0.01795350406318903,0.3,5750.7568359375,230,8445.541687011719,0.0339567,0.08359375,0.0003,-2.3764638185501097,0.00022047758102416992
25,6,423.75,200.0,6400,946,-0.00192915266379714,0.3,13449.2138671875,240,17855.72590332031,0.0035769846,0.0,0.0003,-2.303528916835785,0.0008208751678466797
26,7,424.54545454545456,200.0,6656,947,-0.009521805867552757,0.3,4588.7861328125,250,9016.331091308593,0.0068298955,0.012109375,0.0003,-2.3079420566558837,-0.0006117820739746094
27,7,426.7647058823529,200.0,6912,948,-0.010926374187693,0.3,13048.513671875,260,17630.38388671875,0.012132553,0.0,0.0003,-2.204793155193329,0.00028258562088012695
28,7,430.2857142857143,200.0,7168,948,-0.005122844385914505,0.3,402.63092041015625,270,821.7968780517579,0.0056265667,0.0,0.0003,-2.070067751407623,-0.0009217262268066406
29,7,427.8378378378378,200.0,7424,948,-0.0009644205681979656,0.3,15157.25390625,280,18359.97653808594,0.0005785369,0.0,0.0003,-2.0127057790756226,0.0014829635620117188
30,8,427.89473684210526,200.0,7680,948,-0.008128364314325153,0.3,5938.58154296875,290,9171.145727539062,0.009261468,0.001171875,0.0003,-2.0527939915657045,-0.0009431838989257812
31,8,424.61538461538464,200.0,7936,948,-0.00555876970756799,0.3,11694.1015625,300,18003.854821777342,0.009578921,0.0,0.0003,-2.083210301399231,0.0005752444267272949
32,8,425.25,200.0,8192,947,-0.011669563222676515,0.3,6354.71435546875,310,9247.59327392578,0.016466048,0.0140625,0.0003,-2.0343507409095762,0.0007021427154541016
33,8,425.0,200.0,8448,948,-0.010672814561985433,0.3,8155.2177734375,320,9175.524719238281,0.020672228,0.022265625,0.0003,-1.9700251936912536,0.0017223954200744629
34,9,423.48837209302326,200.0,8704,947,-0.005764128133887425,0.3,5044.3037109375,330,17129.11896972656,0.0036830883,0.0,0.0003,-1.9863847732543944,0.005497753620147705
35,9,421.3636363636364,200.0,8960,946,-0.0007313926005735993,0.3,163.7079620361328,340,391.37857818603516,0.0008077808,0.0,0.0003,-2.052421510219574,-0.0125962495803833
36,9,428.69565217391306,200.0,9216,946,-0.0027753704693168403,0.3,11479.6513671875,350,16795.69150390625,0.001488969,0.0,0.0003,-2.0550362348556517,-0.0024051666259765625
37,10,432.7659574468085,200.0,9472,946,4.113470204174519e-05,0.3,4083.104248046875,360,9362.722680664063,0.0023381507,0.0,0.0003,-2.093535304069519,0.00694960355758667
38,10,433.125,200.0,9728,945,-0.003213398531079292,0.3,9347.5673828125,370,18113.521899414063,0.0017391667,0.0,0.0003,-2.081776475906372,0.010206282138824463
39,10,431.6326530612245,200.0,9984,945,-0.0016726572765037417,0.3,4674.8447265625,380,9017.417028808593,0.00082576694,0.0,0.0003,-2.059166193008423,0.011627256870269775
40,10,436.27450980392155,200.0,10240,945,-0.0013292842078953982,0.3,4663.24609375,390,9245.25821533203,0.00044550514,0.0,0.0003,-2.0606629133224486,0.0347522497177124
1,0,310.0,200.0,256,1172,-0.0004804473137483001,0.3,14769.41796875,400,17925.70915527344,0.00019267318,0.0,0.0003,-2.0392329692840576,0.006974577903747559
2,0,385.0,200.0,512,1045,-0.005416196561418474,0.3,15967.2626953125,10,19285.92009277344,0.0007817077,0.0,0.0003,-2.564714050292969,-4.184246063232422e-05
3,0,390.0,200.0,768,1002,-0.0036151476204395296,0.3,15800.2548828125,20,31457.012890625,0.00073227705,0.0,0.0003,-2.563513481616974,0.0009517669677734375
4,1,288.0,200.0,1024,983,-0.0014176353812217712,0.3,203.4542694091797,30,449.31837005615233,0.00025082962,0.0,0.0003,-2.562563967704773,-0.03513658046722412
5,1,323.3333333333333,200.0,1280,985,-0.0018595113418996335,0.3,14801.8828125,40,19208.2283203125,0.000195269,0.0,0.0003,-2.5623099565505982,0.0037821531295776367
6,1,241.42857142857142,200.0,1536,986,-0.0023093426832929255,0.3,3870.302001953125,50,19140.00048828125,0.00030212663,0.0,0.0003,-2.56045423746109,-0.0008199214935302734
7,1,310.0,200.0,1792,981,-0.0038735489826649426,0.3,450.20208740234375,60,890.0575561523438,0.00068820757,0.0,0.0003,-2.5585877895355225,0.00799405574798584
8,2,388.0,200.0,2048,974,-0.0019196232315152884,0.3,23794.953125,70,44339.3103515625,0.0003276514,0.0,0.0003,-2.5537835240364073,0.006988942623138428
9,2,396.3636363636364,200.0,2304,971,-0.0013942981720902025,0.3,13581.9404296875,80,31470.00791015625,0.00011190632,0.0,0.0003,-2.5540167570114134,0.00472646951675415
10,2,405.8333333333333,200.0,2560,970,-0.0049143627285957335,0.3,10323.7080078125,90,19142.471630859374,0.0013153823,0.0,0.0003,-2.5507084488868714,0.0028854012489318848
11,2,359.2857142857143,200.0,2816,963,-0.006723424745723605,0.3,795.7964477539062,100,1736.501318359375,0.0019158891,0.0,0.0003,-2.545677351951599,-0.01038503646850586
12,3,368.0,200.0,3072,966,-0.004495951347053051,0.3,8200.109375,110,19623.834326171876,0.0010625832,0.0,0.0003,-2.5410507798194883,0.015453219413757324
13,3,316.25,200.0,3328,966,-0.0026773810619488358,0.3,9415.501953125,120,12714.283850097656,0.00062620104,0.0,0.0003,-2.5330449461936952,0.002722620964050293
14,3,271.7647058823529,200.0,3584,967,-0.005988203641027212,0.3,231.47100830078125,130,512.5160339355468,0.0013001002,0.0,0.0003,-2.527599024772644,-0.0414658784866333
15,3,303.1578947368421,200.0,3840,967,-0.003927760850638151,0.3,9644.8916015625,140,16914.9041015625,0.0012451743,0.0,0.0003,-2.520920157432556,0.009466111660003662
16,4,308.0,200.0,4096,965,-0.0011480387271149083,0.3,12605.099609375,150,36445.712890625,0.00048674294,0.0,0.0003,-2.5121374487876893,0.0071942806243896484
17,4,331.9047619047619,200.0,4352,964,-0.0028557109646499155,0.3,7099.033203125,160,18444.563354492188,0.00059186853,0.0,0.0003,-2.506579375267029,0.03170555830001831
18,4,308.69565217391306,200.0,4608,964,-0.005902390717528761,0.3,9374.353515625,170,18776.374267578125,0.0025617143,0.0,0.0003,-2.4956536173820494,-0.0007871389389038086
19,5,275.0,200.0,4864,962,-0.0040310566080734135,0.3,559.6002197265625,180,1411.067575073242,0.0012780868,0.0,0.0003,-2.4897454738616944,0.02809762954711914
20,5,278.4,200.0,5120,961,-0.002061681658960879,0.3,497.0701904296875,190,9746.88815612793,0.00074454956,0.0,0.0003,-2.4869025588035583,0.023068368434906006
21,5,290.7692307692308,200.0,5376,961,-0.0009605404920876026,0.3,5468.7216796875,200,17413.3181640625,0.000398546,0.0,0.0003,-2.4660555958747863,0.030992448329925537
22,5,326.7857142857143,200.0,5632,960,-0.0020602517295628788,0.3,12217.845703125,210,19393.595629882813,0.00043708272,0.0,0.0003,-2.4726771473884583,0.030874133110046387
23,6,331.37931034482756,200.0,5888,960,-0.0025601687375456095,0.3,12025.505859375,220,19734.646826171876,0.0005387736,0.0,0.0003,-2.466194748878479,-0.013871908187866211
24,6,342.3333333333333,200.0,6144,959,-0.002646983345039189,0.3,18852.919921875,230,39123.329296875,0.00083644013,0.0,0.0003,-2.468324899673462,0.004575788974761963
25,6,352.5,200.0,6400,957,-0.0024224573746323584,0.3,12657.927734375,240,20086.93271484375,0.0005238021,0.0,0.0003,-2.4641593217849733,-0.019457459449768066
26,6,366.06060606060606,200.0,6656,956,-0.009020468010567129,0.3,7964.59765625,250,12237.258654785157,0.0041586785,0.000390625,0.0003,-2.449622964859009,0.00045228004455566406
27,7,370.0,200.0,6912,954,-0.009197728428989648,0.3,7742.92822265625,260,21036.93974609375,0.0039613564,0.0,0.0003,-2.435761260986328,0.0007971525192260742
28,7,375.7142857142857,200.0,7168,954,-0.0018955052830278874,0.3,15763.8515625,270,37493.36923828125,0.0012687484,0.0,0.0003,-2.3984285593032837,0.0023796558380126953
29,7,384.3243243243243,200.0,7424,953,-0.0024760363332461564,0.3,9976.1923828125,280,19795.7318359375,0.00071383314,0.0,0.0003,-2.4140360951423645,0.0017131567001342773
30,8,390.0,200.0,7680,952,-0.005541470786556602,0.3,6069.70556640625,290,19864.21640625,0.0029755041,0.0,0.0003,-2.3735244393348696,0.002187073230743408
31,8,395.12820512820514,200.0,7936,951,-0.010209927358664573,0.3,14238.505859375,300,28303.09619140625,0.0061164685,0.0,0.0003,-2.3396875619888307,0.0017625689506530762
32,8,399.0,200.0,8192,950,-0.007312278030440211,0.3,10340.30859375,310,18456.33010253906,0.005240595,0.0,0.0003,-2.2969815492630006,0.009705185890197754
33,8,405.95238095238096,200.0,8448,948,-0.0004583100788295269,0.3,9580.2021484375,320,19830.9974609375,0.0008079163,0.0,0.0003,-2.234322261810303,-0.008938193321228027
34,9,412.5581395348837,200.0,8704,947,-0.0039234385592862965,0.3,15269.0849609375,330,34464.958984375,0.0007749698,0.0,0.0003,-2.2043641448020934,0.015120446681976318
35,9,416.59090909090907,200.0,8960,947,-0.003022707160562277,0.3,10565.3525390625,340,16230.701220703126,0.0013301601,0.0,0.0003,-2.25485520362854,0.035857319831848145
36,9,418.04347826086956,200.0,9216,947,0.0008000021567568183,0.3,11945.1787109375,350,19048.001049804687,0.00053828163,0.0,0.0003,-2.290684163570404,0.05520349740982056
37,9,399.36170212765956,200.0,9472,947,-0.0019437362556345762,0.3,7396.95361328125,360,19557.824853515624,0.0005902671,0.0,0.0003,-2.266507077217102,0.02951812744140625
38,10,401.25,200.0,9728,947,-0.003022939129732549,0.3,142.1880645751953,370,379.2772506713867,0.00089779054,0.0,0.0003,-2.2742544054985045,-0.2711235284805298
39,10,404.2857142857143,200.0,9984,946,-0.0004655525088310242,0.3,9757.01953125,380,31092.007958984374,0.00071641617,0.0,0.0003,-2.214543914794922,0.017179012298583984
40,10,409.80392156862746,200.0,10240,944,-0.0023245960008352997,0.3,11121.2197265625,390,14875.134118652344,0.0005625605,0.0,0.0003,-2.221775531768799,0.06379711627960205
1,0,620.0,200.0,256,1116,0.0003620774019509554,0.3,12916.92578125,400,37189.00703125,0.00023755594,0.0,0.0003,-2.2146492481231688,0.05030238628387451
2,0,560.0,200.0,512,992,-0.0005837360862642526,0.3,14783.8056640625,410,17364.46760253906,0.00014337059,0.0,0.0003,-2.0244216918945312,0.03288227319717407
3,0,663.3333333333334,200.0,768,957,-0.0030894383788108827,0.3,4732.38720703125,420,8886.020025634765,0.0018559278,0.0,0.0003,-2.000105005502701,0.014959752559661865
4,1,634.0,200.0,1024,938,-0.0033465153770521282,0.3,2260.172119140625,430,9369.337609863282,0.0024689052,0.0,0.0003,-1.9588262856006622,5.543231964111328e-06
5,1,630.0,200.0,1280,930,-0.00204989998601377,0.3,8903.513671875,440,17412.70895996094,0.0011729482,0.0,0.0003,-1.9256449460983276,0.027170300483703613
6,1,631.4285714285714,200.0,1536,926,-0.0024242834420874714,0.3,6384.61669921875,450,8723.94155883789,0.0013636921,0.0,0.0003,-1.9516251385211945,0.04975658655166626
7,1,630.0,200.0,1792,925,-0.002537088585086167,0.3,8915.580078125,460,9276.980627441406,0.0010917292,0.0,0.0003,-1.8963307917118073,-0.026694297790527344
