rollout/ep_rew_mean,time/iterations,time/fps,time/total_timesteps,rollout/ep_len_mean,time/time_elapsed,train/approx_kl,train/clip_fraction,train/learning_rate,train/explained_variance,train/entropy_loss,train/clip_range,train/n_updates,train/policy_gradient_loss,train/value_loss,train/loss
-4736.0,1,801,2048,200.0,2,,,,,,,,,,
-4383.0,2,639,4096,200.0,6,0.0020204466,0.00078125,0.0003,0.0005366802215576172,-2.484183020144701,0.2,10,-0.004448352070176043,137514.55502929687,66664.90625
-4411.0,3,597,6144,200.0,10,0.0009899547,0.0,0.0003,-1.0609626770019531e-05,-2.482262820005417,0.2,20,-0.002186608275223989,105754.89936523438,56173.1484375
-4300.25,4,566,8192,200.0,14,0.001625187,0.0,0.0003,-3.6954879760742188e-06,-2.478592577576637,0.2,30,-0.003414675548992818,127366.20922851562,65016.42578125
-4179.21568627451,5,543,10240,200.0,18,0.006654281,0.00126953125,0.0003,-2.0265579223632812e-06,-2.4670555017888547,0.2,40,-0.007989183304016479,99988.20883789062,49479.50390625
-4357.0,1,754,2048,200.0,2,0.006839888,0.022314453125,0.0003,-1.6689300537109375e-06,-2.43792856708169,0.2,50,-0.0083041917605442,91468.99067382813,50156.8125
-4446.5,2,618,4096,200.0,6,0.0022914924,0.0,0.0003,8.434057235717773e-05,-2.484100203961134,0.2,10,-0.005100325663079275,119366.09521484375,49769.671875
-4273.666666666667,3,578,6144,200.0,10,0.0011475044,0.0,0.0003,-1.9550323486328125e-05,-2.4808950029313563,0.2,20,-0.002952068534796126,127866.3385986328,59858.0
-4249.25,4,569,8192,200.0,14,0.0034471077,0.0017578125,0.0003,-4.291534423828125e-06,-2.474690271168947,0.2,30,-0.005275201515178196,101634.42956542969,43240.42578125
-4118.0392156862745,5,553,10240,200.0,18,0.003882675,0.003955078125,0.0003,-7.152557373046875e-07,-2.4634218767285345,0.2,40,-0.005035393153957557,105818.32219238281,52374.8671875
-3658.0,1,833,2048,200.0,2,0.003813963,0.000927734375,0.0003,0.0,-2.4493761479854586,0.2,50,-0.003944361873436719,83905.09848632812,47633.390625
-3460.0,2,631,4096,200.0,6,0.008158958,0.01181640625,0.0003,-1.1920928955078125e-06,-2.402074349671602,0.2,60,-0.00675295551045565,87727.80826416015,42808.5
-3262.0,3,603,6144,200.0,10,0.015696196,0.11337890625,0.0003,-9.5367431640625e-07,-2.3167123824357985,0.2,70,-0.018069394228223245,67394.00987548828,32895.84375
-3039.0,4,595,8192,200.0,13,0.012957535,0.070263671875,0.0003,-4.76837158203125e-07,-2.2201758533716203,0.2,80,-0.010578033153433353,52115.055627441405,23193.1953125
-2891.9607843137255,5,580,10240,200.0,17,0.010703864,0.0615234375,0.0003,-5.960464477539062e-07,-2.1424127027392386,0.2,90,-0.011814097404567292,36641.87598266602,11534.0673828125
-3377.0,1,829,2048,200.0,2,0.014483742,0.126171875,0.0003,-4.76837158203125e-07,-2.040282428264618,0.2,100,-0.014420710867852904,35476.50305175781,16321.6748046875
-3343.0,2,653,4096,200.0,6,0.00866076,0.0390625,0.0003,-1.3113021850585938e-06,-2.4177581064403055,0.2,60,-0.010151793164550327,76777.88896484375,38967.11328125
-3318.3333333333335,3,616,6144,200.0,9,0.012650073,0.043115234375,0.0003,-7.152557373046875e-07,-2.360403275489807,0.2,70,-0.011079991213046014,70634.95856933594,31872.453125
-3216.0,4,599,8192,200.0,13,0.009977325,0.022802734375,0.0003,-3.5762786865234375e-07,-2.3005280777812005,0.2,80,-0.0065186433283088265,62539.810534667966,31372.69921875
-3054.1176470588234,5,587,10240,200.0,17,0.011981001,0.099951171875,0.0003,-3.5762786865234375e-07,-2.1846296787261963,0.2,90,-0.011766907435958273,52288.79716796875,28882.357421875
-1721.0,1,798,2048,200.0,2,0.010023952,0.06591796875,0.0003,-4.76837158203125e-07,-2.107773571461439,0.2,100,-0.011300245989696122,39674.679138183594,24761.05078125
-1667.0,2,642,4096,200.0,6,0.015442332,0.06982421875,0.0003,-4.76837158203125e-07,-1.9220539398491383,0.2,110,-0.011330985801760108,20184.331280517577,9907.0302734375
-1587.6666666666667,3,602,6144,200.0,10,0.010290608,0.100732421875,0.0003,-5.960464477539062e-07,-1.861446501687169,0.2,120,-0.012242121559393127,19228.48620300293,9643.8408203125
-1509.5,4,587,8192,200.0,13,0.014619089,0.1181640625,0.0003,-4.76837158203125e-07,-1.8104159127920867,0.2,130,-0.01320434187509818,14262.538330078125,7571.73486328125
-1435.4901960784314,5,577,10240,200.0,17,0.011674828,0.1267578125,0.0003,-2.384185791015625e-07,-1.6946135740727186,0.2,140,-0.01218888088624226,11326.14381866455,4499.85009765625
-2267.0,1,864,2048,200.0,2,0.007259794,0.069873046875,0.0003,-2.384185791015625e-07,-1.6253017090260982,0.2,150,-0.0076571045443415645,10461.93130645752,3938.769287109375
-2353.5,2,689,4096,200.0,5,0.011847671,0.100048828125,0.0003,-4.76837158203125e-07,-1.9801270138472318,0.2,110,-0.013860792470222805,33771.0897644043,17214.65625
-2194.0,3,652,6144,200.0,9,0.010213098,0.123876953125,0.0003,-3.5762786865234375e-07,-1.9006418745964766,0.2,120,-0.015840238475357184,38306.73899536133,18348.09375
-2100.0,4,643,8192,200.0,12,0.016878113,0.131201171875,0.0003,0.0,-1.8253352418541908,0.2,130,-0.01634149103483651,24670.42473449707,15283.78515625
-1958.6274509803923,5,633,10240,200.0,16,0.014336387,0.11298828125,0.0003,-1.1920928955078125e-07,-1.6848391998559236,0.2,140,-0.01166991781719844,21848.658135986327,13160.390625
-1036.0,1,926,2048,200.0,2,0.01854887,0.170068359375,0.0003,-1.1920928955078125e-07,-1.5687176316976548,0.2,150,-0.016505423563648945,13607.318872070313,6132.23681640625
-1012.5,2,724,4096,200.0,5,0.010779725,0.0875,0.0003,-2.384185791015625e-07,-1.5757507923990488,0.2,160,-0.009238998079672456,6480.987496948243,3796.021484375
-935.0,3,661,6144,200.0,9,0.012171946,0.1212890625,0.0003,0.0,-1.5254935938864946,0.2,170,-0.011789284399128519,5508.060429382324,2312.236083984375
-868.75,4,623,8192,200.0,13,0.008906353,0.09990234375,0.0003,-1.1920928955078125e-07,-1.471885997056961,0.2,180,-0.010327684620278887,4491.2018405914305,1862.0277099609375
-818.4313725490196,5,610,10240,200.0,16,0.007415022,0.067626953125,0.0003,-1.1920928955078125e-07,-1.4493719071149826,0.2,190,-0.0043584446269960605,2360.471478843689,1453.7103271484375
-1238.0,1,894,2048,200.0,2,0.007411911,0.0783203125,0.0003,-1.1920928955078125e-07,-1.3644978165626527,0.2,200,-0.008452083208976547,1674.9524894714355,670.9727172851562
-1260.0,2,699,4096,200.0,5,0.00933736,0.128076171875,0.0003,-1.1920928955078125e-07,-1.427727558091283,0.2,160,-0.01176803927810397,9890.201684570313,4048.132080078125
-1245.3333333333333,3,653,6144,200.0,9,0.005272597,0.059033203125,0.0003,0.0,-1.3479543652385473,0.2,170,-0.00791243723288062,10422.963537597656,4322.91064453125
-1142.75,4,634,8192,200.0,12,0.008622885,0.086328125,0.0003,0.0,-1.2672563564032315,0.2,180,-0.008828199427807704,7894.10255279541,4486.759765625
-1064.5098039215686,5,621,10240,200.0,16,0.008711182,0.05517578125,0.0003,0.0,-1.1412932246923446,0.2,190,-0.0061857261986006055,3501.2493000030518,1917.278564453125
-619.0,1,865,2048,200.0,2,0.006633158,0.068310546875,0.0003,-1.1920928955078125e-07,-1.0794110596179962,0.2,200,-0.00756862225025543,3333.8071979522706,1834.6002197265625
-621.5,2,694,4096,200.0,5,0.022640217,0.189794921875,0.0003,0.0,-1.2963457472622395,0.2,210,0.0010789665204356425,1748.4784189224242,571.5633544921875
-589.3333333333334,3,645,6144,200.0,9,0.014597665,0.29189453125,0.0003,0.0,-1.1714401971548796,0.2,220,0.007155100716772722,2746.1929832458495,968.25830078125
-586.5,4,619,8192,200.0,13,0.007217982,0.10419921875,0.0003,0.0,-1.1409748479723931,0.2,230,-0.0025847633827652317,1811.443306350708,764.8983764648438
-559.0196078431372,5,604,10240,200.0,16,0.009393122,0.108642578125,0.0003,-1.1920928955078125e-07,-1.1251554789021612,0.2,240,0.0001600122806848958,1635.2034688949584,889.9358520507812
-784.0,1,916,2048,200.0,2,0.0045514726,0.09990234375,0.0003,-1.1920928955078125e-07,-1.205452124401927,0.2,250,-0.003314269868133124,1069.7840313911438,537.8646240234375
-760.0,2,709,4096,200.0,5,0.007462593,0.06337890625,0.0003,0.0,-1.0181093778461219,0.2,210,-0.005693370790686459,4442.517431640625,3157.9775390625
-737.0,3,663,6144,200.0,9,0.005782286,0.05400390625,0.0003,-1.1920928955078125e-07,-0.9761628862470388,0.2,220,-0.0058183812565403056,3546.978754425049,1991.12646484375
-675.75,4,634,8192,200.0,12,0.014995148,0.102880859375,0.0003,0.0,-0.9341201361268758,0.2,230,-0.001335503612062894,2217.3067461013793,1132.40478515625
-631.9607843137255,5,615,10240,200.0,16,0.0058577014,0.04296875,0.0003,-1.1920928955078125e-07,-0.8894209336489439,0.2,240,-8.367590635316446e-05,1376.3244933128358,633.1006469726562
-450.0,1,872,2048,200.0,2,0.010398038,0.06142578125,0.0003,0.0,-0.9005744514986873,0.2,250,-0.0024795024830382316,1314.2719430923462,485.2456359863281
-450.0,2,681,4096,200.0,6,0.006190952,0.051953125,0.0003,5.960464477539063e-08,-1.2057438775897027,0.2,260,-0.00026968746969942005,953.772993850708,358.3310546875
-448.3333333333333,3,644,6144,200.0,9,0.017117493,0.207373046875,0.0003,0.0,-1.2476962681859731,0.2,270,-0.006656548868340906,908.2450852870941,200.22402954101562
-448.75,4,632,8192,200.0,12,0.012808742,0.1515625,0.0003,-1.1920928955078125e-07,-1.256620592623949,0.2,280,-0.007027903615380637,885.9317060470581,354.4035949707031
-465.0980392156863,5,614,10240,200.0,16,0.013784796,0.08974609375,0.0003,0.0,-1.237214222177863,0.2,290,-0.0016433732613222673,855.3180988311767,389.5971984863281
-447.0,1,914,2048,200.0,2,0.0116971275,0.075830078125,0.0003,-1.1920928955078125e-07,-1.1946644727140665,0.2,300,-0.0038672138151014225,1791.7067022323608,1139.21875
-461.0,2,718,4096,200.0,5,0.0019828351,0.105810546875,0.0003,-1.1920928955078125e-07,-0.9523762261494995,0.2,260,-0.003923229672363959,1176.9868453979493,248.3262176513672
-457.3333333333333,3,655,6144,200.0,9,0.012134135,0.07275390625,0.0003,-1.1920928955078125e-07,-0.9738075725734234,0.2,270,-0.0022745817550458014,1387.3686961174012,1345.2928466796875
-448.0,4,628,8192,200.0,13,0.016168522,0.069091796875,0.0003,-1.1920928955078125e-07,-0.9315235631540417,0.2,280,-0.007100985887882416,1073.8685752391816,473.9632873535156
-443.52941176470586,5,608,10240,200.0,16,0.013569327,0.054150390625,0.0003,0.0,-0.8935439294204116,0.2,290,-0.00180714157577313,983.1766518592834,271.7883605957031
-445.0,1,899,2048,200.0,2,0.0031242063,0.103173828125,0.0003,-1.1920928955078125e-07,-0.7556085715070366,0.2,300,-0.004235486290417612,1073.3236517429352,193.85708618164062
-437.5,2,691,4096,200.0,5,0.0074676294,0.05419921875,0.0003,-1.1920928955078125e-07,-1.2071729548275472,0.2,310,-0.0005249327237834223,873.1551809310913,355.3536376953125
-495.0,3,656,6144,200.0,9,0.004359294,0.11513671875,0.0003,-1.1920928955078125e-07,-1.2234158035367728,0.2,320,-0.0043996036736643875,827.719365978241,608.399658203125
-500.0,4,633,8192,200.0,12,0.0055742245,0.028857421875,0.0003,5.960464477539063e-08,-1.190927254408598,0.2,330,-0.0022844515566248446,1725.5848442077636,933.2695922851562
-520.5882352941177,5,622,10240,200.0,16,0.024341663,0.128857421875,0.0003,-1.1920928955078125e-07,-1.2291129816323518,0.2,340,-0.0024236184792243874,1605.9920863628388,300.6831359863281
-420.0,1,850,2048,200.0,2,0.005605678,0.041943359375,0.0003,0.0,-1.2054038558155298,0.2,350,-0.005212757994740969,2034.408736896515,1991.3074951171875
-417.5,2,670,4096,200.0,6,0.0032809942,0.015478515625,0.0003,0.0,-0.7592890672385693,0.2,310,-0.0007118851761333644,878.8104980945587,239.91029357910156
-418.3333333333333,3,622,6144,200.0,9,0.012942968,0.099560546875,0.0003,0.0,-0.8318889293819666,0.2,320,-0.0013936459443357307,880.466869020462,205.78201293945312
-417.5,4,605,8192,200.0,13,0.00923262,0.03681640625,0.0003,5.960464477539063e-08,-0.862348972260952,0.2,330,-0.002433581270452123,871.3260083675384,430.87005615234375
-414.70588235294116,5,598,10240,200.0,17,0.009352493,0.073876953125,0.0003,-1.1920928955078125e-07,-0.8508277846500277,0.2,340,-0.0024530074413632976,793.8975225448609,639.7796630859375
-700.0,1,941,2048,200.0,2,0.006594259,0.040185546875,0.0003,5.960464477539063e-08,-0.8381913807243109,0.2,350,-0.0015014171971415636,861.6090454101562,434.32171630859375
-704.0,2,715,4096,200.0,5,0.020737257,0.140380859375,0.0003,0.0,-1.1720844876021146,0.2,360,-0.005008643081964692,3342.551466655731,1939.0289306640625
-834.3333333333334,3,664,6144,200.0,9,0.026053913,0.041064453125,0.0003,0.0,-1.2036052864044904,0.2,370,0.0018471863517333987,6516.825448989868,2844.224609375
-900.75,4,645,8192,200.0,12,0.001866454,0.0021484375,0.0003,-1.1920928955078125e-07,-1.1938371434807777,0.2,380,-0.0015769919598824344,9777.7985496521,7115.787109375
-1164.313725490196,5,634,10240,200.0,16,0.0014946104,0.00322265625,0.0003,0.0,-1.1980358950793744,0.2,390,-0.0017421544471289963,10098.354437255859,7779.77392578125
-410.0,1,924,2048,200.0,2,0.00035224817,0.0,0.0003,0.0,-1.4506907291710376,0.2,400,-0.0014859054834232665,40135.072564697264,25286.10546875
-407.5,2,738,4096,200.0,5,0.017986165,0.0921875,0.0003,0.0,-0.8338915100321174,0.2,360,-0.0004279059241525829,796.4004558086395,282.3156433105469
-406.6666666666667,3,672,6144,200.0,9,0.0026635663,0.010400390625,0.0003,0.0,-0.8108550179749727,0.2,370,-0.0007315667040529661,785.5414508342743,438.1936340332031
-407.5,4,649,8192,200.0,12,0.01714725,0.0720703125,0.0003,0.0,-0.8065925240516663,0.2,380,-0.002792551679885946,797.4347968101501,391.51593017578125
-406.8627450980392,5,632,10240,200.0,16,0.0022804826,0.041845703125,0.0003,5.960464477539063e-08,-0.8132662320509553,0.2,390,0.0008523635959136299,771.9392307758332,735.002685546875
-2750.0,1,909,2048,200.0,2,0.020156626,0.13916015625,0.0003,5.960464477539063e-08,-0.807632583193481,0.2,400,-0.0010219016636256128,806.3163113117218,479.57159423828125
-2167.5,2,723,4096,200.0,5,0.00058082165,0.000732421875,0.0003,0.0,-1.5166922066360713,0.2,410,-0.0020200638042297213,59382.920678710936,25322.7734375
-2043.3333333333333,3,671,6144,200.0,9,0.00079292717,0.0001953125,0.0003,1.1920928955078125e-07,-1.2641831893473863,0.2,420,-0.0018300588642887305,24728.047164916992,12915.70703125
-1793.75,4,650,8192,200.0,12,0.002345317,0.006591796875,0.0003,0.0,-1.3292112961411475,0.2,430,-0.003692965442314744,30563.79287109375,14494.1943359375
-1578.4313725490197,5,637,10240,200.0,16,0.01779968,0.072607421875,0.0003,-1.1920928955078125e-07,-1.1784640561789275,0.2,440,0.001481841373606585,7837.583546447754,4535.31982421875
-435.0,1,916,2048,200.0,2,0.013458387,0.08115234375,0.0003,1.1920928955078125e-07,-1.0560053773224354,0.2,450,-8.155503746820613e-06,4271.232312774659,1997.6236572265625
-422.5,2,740,4096,200.0,5,0.004257332,0.041552734375,0.0003,5.960464477539063e-08,-0.8076012317091227,0.2,410,-0.0004266720323357731,896.8083624839783,426.0030517578125
-416.6666666666667,3,690,6144,200.0,8,0.010269547,0.027734375,0.0003,-1.1920928955078125e-07,-0.7711091538891196,0.2,420,-0.0001379048451781273,781.4462760448456,482.8238525390625
-417.5,4,665,8192,200.0,12,0.0018271473,0.047021484375,0.0003,5.960464477539063e-08,-0.7220318572595715,0.2,430,-1.1391914449632168e-05,781.6467034339905,331.7791748046875
-415.6862745098039,5,651,10240,200.0,15,0.0073450413,0.062451171875,0.0003,-1.1920928955078125e-07,-0.6171943359076977,0.2,440,-0.002308663167787017,796.9928047657013,676.9005737304688
-645.0,1,889,2048,200.0,2,0.0012866758,0.01650390625,0.0003,5.960464477539063e-08,-0.5921550549566745,0.2,450,-0.0004421570185513701,826.0308643817901,150.66722106933594
-690.0,2,732,4096,200.0,5,0.042306665,0.215478515625,0.0003,0.0,-0.8170852171257138,0.2,460,-0.006841284753681976,3555.7718185424806,1561.3297119140625
-711.6666666666666,3,684,6144,200.0,8,0.033242043,0.1107421875,0.0003,0.0,-0.6845095525495708,0.2,470,-0.00015817110397620127,4800.315576553345,2553.52392578125
-771.25,4,649,8192,200.0,12,0.015861126,0.068896484375,0.0003,-1.1920928955078125e-07,-0.5959738651290536,0.2,480,-0.006004624986962881,5529.904784011841,5531.08935546875
-799.0196078431372,5,630,10240,200.0,16,0.004631507,0.041162109375,0.0003,0.0,-0.5439066592603922,0.2,490,-0.005043551432754612,6311.967930221557,3790.8671875
-420.0,1,906,2048,200.0,2,0.0033075705,0.008349609375,0.0003,0.0,-0.5822569002397359,0.2,500,-0.0052260471187764775,9734.673402023316,2798.884521484375
-410.0,2,713,4096,200.0,5,0.0022677635,0.00068359375,0.0003,0.020168840885162354,-0.6001329876482486,0.2,460,-0.0013366953084187117,839.8255506515503,445.1508483886719
-408.3333333333333,3,653,6144,200.0,9,0.00011959279,0.000146484375,0.0003,0.09243488311767578,-0.6145048221573234,0.2,470,4.073509917361662e-05,637.4700283527375,125.2177505493164
-407.5,4,622,8192,200.0,13,0.00037439683,0.000341796875,0.0003,0.11393630504608154,-0.6210918590426445,0.2,480,-0.00035378224856685847,661.1668296813965,344.4464416503906
-414.70588235294116,5,613,10240,200.0,16,0.0002980526,0.0,0.0003,0.13214194774627686,-0.6272353280335665,0.2,490,-0.00018580874166218564,642.3937905311584,450.80047607421875
-630.0,1,846,2048,200.0,2,0.00026401383,0.001806640625,0.0003,0.3209529519081116,-0.6310760779306293,0.2,500,-0.0014133711127215065,758.4728654384613,441.9081726074219
-702.5,2,663,4096,200.0,6,0.0026445403,0.022607421875,0.0003,1.1920928955078125e-07,-0.496382309962064,0.2,510,-0.0037762684994959274,2738.2104330062866,1269.2003173828125
-711.6666666666666,3,598,6144,200.0,10,0.0055901217,0.061767578125,0.0003,-1.1920928955078125e-07,-0.568113018758595,0.2,520,-0.0009574662064551376,6880.805702972412,1995.311767578125
-670.0,4,585,8192,200.0,13,0.0064677782,0.035205078125,0.0003,0.0,-0.3992284041829407,0.2,530,-0.0040647081637871455,3392.080324649811,1430.0240478515625
-632.3529411764706,5,573,10240,200.0,17,0.004663806,0.0169921875,0.0003,0.0,-0.34343041661195456,0.2,540,-0.005369812667777296,1912.5934442520143,1101.2286376953125
-430.0,1,883,2048,200.0,2,0.00054332346,0.019482421875,0.0003,-1.1920928955078125e-07,-0.31706592640839515,0.2,550,0.0023600240383530036,2101.8082567214965,883.1952514648438
-415.0,2,670,4096,200.0,6,8.308087e-05,0.000146484375,0.0003,0.17914944887161255,-0.633419432491064,0.2,510,-0.00026402313305879944,707.0066443920135,526.1337890625
-410.0,3,613,6144,200.0,10,0.0039822767,0.03056640625,0.0003,0.06915819644927979,-0.5826228396967054,0.2,520,-0.00022398465953301638,632.3291730880737,396.486328125
-407.5,4,603,8192,200.0,13,0.00069405406,0.014013671875,0.0003,0.13994914293289185,-0.5708589835092426,0.2,530,-0.0006734739377861843,643.1161296367645,364.0342102050781
-406.8627450980392,5,592,10240,200.0,17,0.00094172254,0.036181640625,0.0003,0.10730564594268799,-0.6049600835889578,0.2,540,-0.00015353998460341245,637.3405914783477,296.6129150390625
-430.0,1,926,2048,200.0,2,0.0022563352,0.037353515625,0.0003,0.05085456371307373,-0.6055757688358426,0.2,550,-0.0021235504318610765,698.9423499584198,419.8974304199219
-430.0,2,717,4096,200.0,5,0.00052030175,0.00087890625,0.0003,0.0,-0.26836326043121517,0.2,560,-0.0005754008205258287,1368.9993255615234,546.0529174804688
-425.0,3,657,6144,200.0,9,0.002788979,0.012646484375,0.0003,0.0,-0.24583521881140769,0.2,570,0.002618507426814176,1363.7898990631104,775.2124633789062
-420.0,4,627,8192,200.0,13,0.0049360474,0.023193359375,0.0003,0.0,-0.21577127762138842,0.2,580,-0.0014272313288529403,1171.9177339076996,275.3576965332031
-421.5686274509804,5,605,10240,200.0,16,0.0009770337,0.0125,0.0003,0.0,-0.16017593843862415,0.2,590,-0.0005512421783350873,1089.5624016284942,448.5140380859375
-400.0,1,901,2048,200.0,2,0.00073349196,0.008935546875,0.0003,0.0,-0.16682917498983443,0.2,600,-0.0012462986647733486,1187.2012478351594,942.199462890625
-402.5,2,705,4096,200.0,5,0.0037243376,0.01865234375,0.0003,0.018605291843414307,-0.5015738957561553,0.2,560,5.925971054239198e-05,654.9445353984833,240.09100341796875
-408.3333333333333,3,649,6144,200.0,9,0.009570248,0.042529296875,0.0003,0.09952974319458008,-0.5655089966021478,0.2,570,-0.0024490141062415206,666.1027961730957,477.87713623046875
-410.0,4,617,8192,200.0,13,0.0044171,0.056005859375,0.0003,0.03454107046127319,-0.48223426323384044,0.2,580,-0.0039864048536401245,756.2741430282592,276.71783447265625
-409.80392156862746,5,605,10240,200.0,16,0.004667974,0.051416015625,0.0003,0.02824491262435913,-0.44761069770902395,0.2,590,0.0006475722417235375,788.3111052036286,213.34921264648438
-410.0,1,932,2048,200.0,2,0.0019999638,0.038720703125,0.0003,0.045724689960479736,-0.5179726358503103,0.2,600,0.0005417528402176686,733.4748103618622,377.48809814453125
-410.0,2,678,4096,200.0,6,0.0020536522,0.019970703125,0.0003,5.960464477539063e-08,-0.15211619220208378,0.2,610,-0.00015490619698539377,972.8737564563751,670.5927124023438
-408.3333333333333,3,623,6144,200.0,9,0.000902941,0.004052734375,0.0003,5.960464477539063e-08,-0.12175229131244122,0.2,620,-0.00024002291320357472,933.1959030628204,378.6225891113281
-408.75,4,616,8192,200.0,13,0.0008184948,0.010888671875,0.0003,0.0,-0.15346857879776507,0.2,630,3.794502263190225e-05,897.8814193248749,249.33670043945312
-409.80392156862746,5,614,10240,200.0,16,0.0006531869,0.013232421875,0.0003,5.960464477539063e-08,-0.1723032611887902,0.2,640,-0.0015890545182628557,875.1507546424866,170.74415588378906
-405.0,1,933,2048,200.0,2,0.0003946233,0.006884765625,0.0003,0.0,-0.13207171282265334,0.2,650,-0.0002875694837712217,882.443130159378,662.0189819335938
-402.5,2,736,4096,200.0,5,0.00040471545,0.007275390625,0.0003,0.013568580150604248,-0.499472666811198,0.2,610,-0.0005160162239917554,689.4597060680389,246.90980529785156
-401.6666666666667,3,673,6144,200.0,9,0.00071756134,0.01787109375,0.0003,0.019337117671966553,-0.5272072431631386,0.2,620,-0.0006276564105064608,678.110576248169,387.81170654296875
-401.25,4,647,8192,200.0,12,0.0021708808,0.021533203125,0.0003,0.0033991336822509766,-0.5211298492737114,0.2,630,-0.0014000582057633437,683.4583225727081,554.7462158203125
-403.921568627451,5,641,10240,200.0,15,0.00042988546,0.036767578125,0.0003,0.014871716499328613,-0.5849358526989817,0.2,640,-0.001457317965105176,683.2204346179963,343.2332458496094
-400.0,1,922,2048,200.0,2,0.0035068032,0.0380859375,0.0003,0.04751092195510864,-0.5783640712499618,0.2,650,0.00029288059304235505,710.6009459018708,208.48719787597656
-400.0,2,732,4096,200.0,5,0.0004328149,0.007763671875,0.0003,0.0,-0.14476569117978216,0.2,660,-0.0002128397289197892,803.2662636041641,421.39898681640625
-413.3333333333333,3,679,6144,200.0,9,0.0007473388,0.003857421875,0.0003,5.960464477539063e-08,-0.13201018529944122,0.2,670,4.8329184937756506e-05,784.88327627182,510.41162109375
-410.0,4,643,8192,200.0,12,0.0010078999,0.01318359375,0.0003,0.0,-0.13955094176344573,0.2,680,-0.0013319535260961856,1179.1862764835357,487.7438659667969
-409.80392156862746,5,625,10240,200.0,16,0.0003504572,0.010888671875,0.0003,0.0,-0.13846267557237296,0.2,690,0.0005759129271609709,778.8061764240265,329.24163818359375
-400.0,1,805,2048,200.0,2,0.004451019,0.012646484375,0.0003,5.960464477539063e-08,-0.11633657782804221,0.2,700,-0.0008353365570656024,817.6432366371155,475.4791564941406
-402.5,2,653,4096,200.0,6,0.003926929,0.0611328125,0.0003,0.0060839056968688965,-0.6705849969759583,0.2,660,-0.001635309179255273,688.4815559387207,347.01910400390625
-401.6666666666667,3,611,6144,200.0,10,0.0035803025,0.02119140625,0.0003,0.09569340944290161,-0.7203944221138954,0.2,670,-0.0012603397044586018,666.2946021556854,339.2666015625
-403.75,4,585,8192,200.0,13,0.002120631,0.02470703125,0.0003,0.0058512091636657715,-0.7609238214790821,0.2,680,-0.0005613433313556015,693.659377002716,604.6818237304688
-402.94117647058823,5,551,10240,200.0,18,0.007685368,0.0919921875,0.0003,0.0070105791091918945,-0.6902139224112034,0.2,690,-0.0058991952682845294,723.9546243190765,177.5079803466797
-410.0,1,893,2048,200.0,2,0.0051881457,0.0080078125,0.0003,0.016865849494934082,-0.7125432753935457,0.2,700,-0.0005191198652028106,775.6563974380493,721.8161010742188
-407.5,2,651,4096,200.0,6,0.026743751,0.04140625,0.0003,5.960464477539063e-08,-0.18512053464073688,0.2,710,0.005328276108775754,765.2734693050385,439.24078369140625
-405.0,3,618,6144,200.0,9,0.00028105977,0.010107421875,0.0003,1.6093254089355469e-06,-0.14079495491459965,0.2,720,0.00023606743416166865,763.5448431015014,112.33397674560547
-417.5,4,600,8192,200.0,13,0.00081792416,0.007177734375,0.0003,-0.000518798828125,-0.12195057924836875,0.2,730,-0.000566284496744629,735.4076989650727,516.5171508789062
-413.72549019607845,5,587,10240,200.0,17,0.0005084797,0.008251953125,0.0003,0.001789093017578125,-0.12723259979393334,0.2,740,-0.0026662304789169867,1265.5062646865845,668.396484375
-405.0,1,839,2048,200.0,2,0.00051004306,0.0080078125,0.0003,0.0006479620933532715,-0.09854638737160712,0.2,750,-0.0008655151978018694,788.9507329463959,429.6643981933594
-405.0,2,663,4096,200.0,6,0.0046337135,0.021435546875,0.0003,0.016064345836639404,-0.7937237305566669,0.2,710,-0.0014354022176121361,726.8268712043762,291.9172058105469
-410.0,3,633,6144,200.0,9,0.010086622,0.02900390625,0.0003,0.0035209059715270996,-0.7543455231934786,0.2,720,-0.0017106196100939997,744.4087246179581,200.0126953125
-407.5,4,613,8192,200.0,13,0.0061286753,0.052587890625,0.0003,0.1126973032951355,-0.6902149215340614,0.2,730,-0.0022875552531331778,632.7178603410721,207.7220001220703
-406.8627450980392,5,602,10240,200.0,17,0.0054235514,0.078369140625,0.0003,0.004757106304168701,-0.7079639334231616,0.2,740,-0.0008198460738640279,732.5812941074371,452.585205078125
-425.0,1,868,2048,200.0,2,0.0045108953,0.012109375,0.0003,0.2721289396286011,-0.7078566219657659,0.2,750,-0.00011833287862828001,707.5909699440002,221.27757263183594
-432.5,2,696,4096,200.0,5,0.00018775903,0.002197265625,0.0003,0.006347179412841797,-0.0994605575921014,0.2,760,-0.0008305328752612695,798.4504078388214,294.1737060546875
-421.6666666666667,3,649,6144,200.0,9,0.00029446252,0.00166015625,0.0003,0.0008571147918701172,-0.09151952397078275,0.2,770,-0.0009396008917974541,1233.9956105709075,491.04351806640625
-416.25,4,628,8192,200.0,13,0.0008998412,0.006982421875,0.0003,-0.002141714096069336,-0.09575700173154474,0.2,780,-0.00026732427068054676,746.2990624666214,277.76641845703125
-412.7450980392157,5,621,10240,200.0,16,0.00029593243,0.00546875,0.0003,0.0011965036392211914,-0.08191163828596473,0.2,790,7.152565231081099e-05,734.3201934814454,340.84234619140625
-400.0,1,926,2048,200.0,2,0.000542093,0.00400390625,0.0003,0.001259446144104004,-0.086920809536241,0.2,800,-0.0006189870546222664,769.359049987793,231.50999450683594
-400.0,2,718,4096,200.0,5,0.008075452,0.047412109375,0.0003,0.007658064365386963,-0.7089766452088953,0.2,760,-0.0019948354631196706,715.509050989151,490.4783020019531
-400.0,3,669,6144,200.0,9,0.004206966,0.01826171875,0.0003,0.0067716240882873535,-0.6810029648244381,0.2,770,-0.0011092319706222042,710.6535120725632,636.163330078125
-400.0,4,647,8192,200.0,12,0.0066245697,0.0458984375,0.0003,0.0027973055839538574,-0.7018105544149875,0.2,780,-0.0012483471931773239,712.9273638725281,299.6788635253906
-400.0,5,632,10240,200.0,16,0.002593497,0.032763671875,0.0003,0.003119230270385742,-0.6756777396425605,0.2,790,-0.0006803622673032805,711.0512653827667,304.7425842285156
-410.0,1,916,2048,200.0,2,0.0074168458,0.0669921875,0.0003,-0.001654982566833496,-0.5741172878071665,0.2,800,-0.000570119205804076,734.3795192241669,318.9226989746094
-407.5,2,712,4096,200.0,5,0.00031005286,0.00244140625,0.0003,-0.0012462139129638672,-0.08223460817243904,0.2,810,-0.0005971942257019692,702.1276911735534,542.0842895507812
-405.0,3,669,6144,200.0,9,3.197702e-05,0.0,0.0003,0.020590782165527344,-0.08509207330644131,0.2,820,-0.00013364373007789253,707.5818915843963,118.03213500976562
-403.75,4,650,8192,200.0,12,5.555674e-05,0.0,0.0003,0.033501625061035156,-0.08173056992236524,0.2,830,-0.0001472067662689369,695.7723321914673,198.54977416992188
-412.7450980392157,5,632,10240,200.0,16,0.0003410595,0.002734375,0.0003,0.0038110017776489258,-0.0689839177299291,0.2,840,-0.00014336398453451693,714.7181529045105,216.50973510742188
-410.0,1,909,2048,200.0,2,0.0006805866,0.005224609375,0.0003,0.02530491352081299,-0.07305706077022478,0.2,850,-0.002545044166618027,860.0935531616211,546.8953857421875
-405.0,2,703,4096,200.0,5,0.0033736376,0.0439453125,0.0003,0.009306073188781738,-0.5425744418986141,0.2,810,0.0016509123321156948,702.1357538700104,345.1226806640625
-403.3333333333333,3,659,6144,200.0,9,0.005371063,0.05166015625,0.0003,0.004823565483093262,-0.5403426427394151,0.2,820,0.0006500748771941289,687.6360158443451,291.28912353515625
-402.5,4,634,8192,200.0,12,0.0043582465,0.034375,0.0003,0.005927383899688721,-0.5105913219042122,0.2,830,0.001038076634722529,693.1148956060409,295.4670104980469
-402.94117647058823,5,623,10240,200.0,16,0.002342909,0.032470703125,0.0003,0.003021538257598877,-0.41046834383159875,0.2,840,0.00021552756370510907,695.3929777860642,215.1962890625
-410.0,1,902,2048,200.0,2,0.00061581517,0.0181640625,0.0003,0.056062161922454834,-0.42572195483371617,0.2,850,-1.8855843518394976e-05,687.6257237911225,474.7252502441406
-405.0,2,704,4096,200.0,5,0.00023813613,0.003369140625,0.0003,0.0054991841316223145,-0.08129074950702489,0.2,860,-0.0005099038826301694,720.0818751335144,136.29884338378906
-405.0,3,659,6144,200.0,9,0.0001754107,0.002197265625,0.0003,0.004073381423950195,-0.07276513988617808,0.2,870,-0.0003002638157340698,703.3222795009613,524.8624877929688
-405.0,4,639,8192,200.0,12,0.00012211065,0.0,0.0003,0.023339509963989258,-0.0655465597868897,0.2,880,-0.00016343241368304006,684.2025240421295,520.7383422851562
-403.921568627451,5,630,10240,200.0,16,6.672702e-05,0.0,0.0003,0.07581907510757446,-0.06096002889098599,0.2,890,-0.00021806432050652802,644.686760187149,386.3904113769531
-400.0,1,939,2048,200.0,2,0.0001464632,0.0041015625,0.0003,0.007364809513092041,-0.06120970502961427,0.2,900,-0.0006025720053003169,753.2331621170044,658.8728637695312
-405.0,2,722,4096,200.0,5,0.0029943364,0.04033203125,0.0003,0.005060315132141113,-0.36143087670207025,0.2,860,-0.001988225770764984,703.9768059253693,634.4834594726562
-403.3333333333333,3,679,6144,200.0,9,0.0015004026,0.011279296875,0.0003,0.011902093887329102,-0.3809352958574891,0.2,870,-0.0014756663571461105,703.4159339904785,263.2282409667969
-402.5,4,659,8192,200.0,12,0.0016677614,0.0330078125,0.0003,0.004498839378356934,-0.3456492813304067,0.2,880,-0.0006857660991954617,709.2292647123337,405.5478820800781
-403.921568627451,5,647,10240,200.0,15,8.987225e-05,0.010546875,0.0003,0.002389192581176758,-0.35187902273610233,0.2,890,-1.3297775876708328e-05,708.6754333019256,175.30569458007812
-400.0,1,931,2048,200.0,2,0.00024074211,0.00087890625,0.0003,0.19459766149520874,-0.3433372828178108,0.2,900,-0.00040942052146419883,710.0185874462128,443.14398193359375
-400.0,2,723,4096,200.0,5,4.846466e-05,4.8828125e-05,0.0003,0.1657004952430725,-0.05793538506841287,0.2,910,-8.179361320799216e-05,659.5632506847381,473.0954284667969
-400.0,3,676,6144,200.0,9,0.00014036309,0.000927734375,0.0003,0.00584036111831665,-0.047880321322008965,0.2,920,-0.0001537621734314598,715.4520181417465,211.7901611328125
-400.0,4,652,8192,200.0,12,9.2281436e-05,0.000830078125,0.0003,0.0025444626808166504,-0.04007959917653352,0.2,930,-7.399428723147139e-05,714.3511157989502,583.0833129882812
-400.0,5,638,10240,200.0,16,0.00010602549,0.00078125,0.0003,0.006894588470458984,-0.03744629913708195,0.2,940,-6.840576024842448e-05,708.1520576477051,766.0449829101562
-410.0,1,945,2048,200.0,2,9.357382e-05,0.001806640625,0.0003,0.014514505863189697,-0.04547575573669747,0.2,950,-0.00023523378622485324,757.1693919181823,571.0474853515625
-425.0,2,734,4096,200.0,5,0.00046053744,0.006005859375,0.0003,0.045190393924713135,-0.3641814292408526,0.2,910,-0.000853906299744267,759.9297597408295,222.64390563964844
-426.6666666666667,3,686,6144,200.0,8,0.0012536705,0.008056640625,0.0003,0.037280917167663574,-0.3760678914375603,0.2,920,-0.0022999322187388315,889.2371124267578,331.0223083496094
-422.5,4,661,8192,200.0,12,0.0034884796,0.023974609375,0.0003,-0.022639870643615723,-0.4076541284099221,0.2,930,-0.0012285366457945202,727.8151895523072,251.0598907470703
-419.6078431372549,5,647,10240,200.0,15,0.0016513327,0.021142578125,0.0003,0.01622825860977173,-0.4583004881627858,0.2,940,-0.0009890213594189845,714.5001113414764,428.4893493652344
-400.0,1,931,2048,200.0,2,0.00030400403,0.055224609375,0.0003,0.0063440799713134766,-0.43019005935639143,0.2,950,0.0028052712616045026,737.1414660453796,276.54803466796875
-400.0,2,746,4096,200.0,5,4.640399e-05,0.003369140625,0.0003,0.0038640499114990234,-0.03907641022233292,0.2,960,8.691722177900374e-05,693.876795244217,274.2663879394531
-400.0,3,686,6144,200.0,8,0.00029972233,0.005859375,0.0003,0.002062678337097168,-0.03551170121063478,0.2,970,-0.0005428440119430889,705.489733505249,479.1229553222656
-400.0,4,667,8192,200.0,12,0.00024777444,0.0046875,0.0003,0.003974258899688721,-0.029744499560911207,0.2,980,-0.0003079317990341224,709.1580926418304,325.0751953125
-400.98039215686276,5,658,10240,200.0,15,0.0001364607,0.001904296875,0.0003,0.0015837550163269043,-0.024576399225043132,0.2,990,-0.00015818909159861504,708.709233045578,314.06396484375
-400.0,1,964,2048,200.0,2,0.00015202994,0.001513671875,0.0003,0.004181981086730957,-0.021167930003139192,0.2,1000,-0.00027606871008174495,760.318550157547,233.6240692138672
-400.0,2,763,4096,200.0,5,0.00020047298,0.000244140625,0.0003,0.011721909046173096,-0.4694616672582924,0.2,960,7.056865433696657e-06,701.3879463195801,264.2538757324219
-400.0,3,681,6144,200.0,9,0.0027060276,0.016064453125,0.0003,0.0232999324798584,-0.5179415031336247,0.2,970,-0.0003480645551462658,699.6481444358826,423.54010009765625
-407.5,4,664,8192,200.0,12,0.0034384048,0.01875,0.0003,-0.0050961971282958984,-0.5744895100593567,0.2,980,-0.0007745126698864624,703.8195208549499,481.2375183105469
-405.88235294117646,5,656,10240,200.0,15,0.0056687025,0.0228515625,0.0003,0.10796844959259033,-0.566148004680872,0.2,990,-0.0015287420428649057,739.822687959671,389.86859130859375
-400.0,1,889,2048,200.0,2,0.0031610404,0.045947265625,0.0003,0.003003716468811035,-0.5233529633842409,0.2,1000,0.001403964862402063,736.438929271698,289.81292724609375
-400.0,2,694,4096,200.0,5,0.0008018842,0.004248046875,0.0003,0.002379775047302246,-0.015624374424805864,0.2,1010,-0.0002590980046079494,703.358343076706,188.7860565185547
-400.0,3,645,6144,200.0,9,0.00011315287,0.0013671875,0.0003,0.0035979747772216797,-0.01675452841736842,0.2,1020,6.539832647831645e-05,696.5346456050872,266.8583984375
-400.0,4,623,8192,200.0,13,0.00014684079,0.0048828125,0.0003,0.002716243267059326,-0.018500997035880574,0.2,1030,-2.006599388550967e-05,688.5135197639465,220.9824981689453
-400.0,5,615,10240,200.0,16,0.0002018321,0.001220703125,0.0003,0.0017327070236206055,-0.015906850770988967,0.2,1040,-0.00037941211376164575,694.1296594142914,337.815673828125
-400.0,1,861,2048,200.0,2,0.00033301977,0.00478515625,0.0003,0.006605565547943115,-0.019057080024504104,0.2,1050,-9.434536768821999e-05,730.4416225433349,424.85430908203125
-400.0,2,688,4096,200.0,5,0.0073385034,0.08798828125,0.0003,0.0028340816497802734,-0.5461187063716352,0.2,1010,-0.001080755388829857,694.9977972984314,124.64981842041016
-400.0,3,638,6144,200.0,9,0.004260569,0.011962890625,0.0003,0.017976760864257812,-0.5001435062848032,0.2,1020,-0.0011267745583609212,703.9466707706451,102.8446273803711
-401.25,4,625,8192,200.0,13,0.0012484912,0.0224609375,0.0003,-0.014792561531066895,-0.5056355063803494,0.2,1030,-0.0002566341187048238,699.170426940918,574.6558227539062
-400.98039215686276,5,619,10240,200.0,16,0.0018174949,0.028369140625,0.0003,0.032602787017822266,-0.546328641101718,0.2,1040,-0.0011747744050808252,699.7867610931396,358.4256591796875
-400.0,1,907,2048,200.0,2,0.0025011324,0.046337890625,0.0003,0.002200305461883545,-0.47404187032952905,0.2,1050,-0.0023850535362726077,746.8734596252441,267.1238098144531
-400.0,2,717,4096,200.0,5,0.00028853177,0.00205078125,0.0003,0.002169370651245117,-0.014009754135622643,0.2,1060,-0.00011112898355349898,696.8504690170288,242.71690368652344
-400.0,3,669,6144,200.0,9,0.000115514646,0.001025390625,0.0003,0.0018137097358703613,-0.012244117019872647,0.2,1070,-1.2044548930134624e-05,699.6688920974732,344.8516540527344
-400.0,4,647,8192,200.0,12,0.00016720104,0.003955078125,0.0003,0.0016207098960876465,-0.009666347691381815,0.2,1080,-6.85842736857012e-05,701.051943898201,424.39202880859375
-400.0,5,635,10240,200.0,16,0.0001364408,0.0021484375,0.0003,0.0020317435264587402,-0.011139700551575515,0.2,1090,-3.3235429145861414e-05,703.0950241565704,139.78628540039062
-400.0,1,894,2048,200.0,2,0.0015656763,0.002783203125,0.0003,0.002552330493927002,-0.010714336216915398,0.2,1100,1.584599231136963e-05,742.0221169948578,252.5252685546875
-400.0,2,718,4096,200.0,5,0.007996518,0.043017578125,0.0003,0.0015540122985839844,-0.5297636999748647,0.2,1060,-0.000525434294831939,704.2625400781632,529.564208984375
-401.6666666666667,3,670,6144,200.0,9,0.004188004,0.041064453125,0.0003,0.002364516258239746,-0.598045288771391,0.2,1070,-6.147734166006558e-05,704.761744260788,312.21820068359375
-403.75,4,641,8192,200.0,12,0.004643579,0.0435546875,0.0003,0.008007943630218506,-0.48521790131926534,0.2,1080,-0.0022182984626851975,733.0057684898377,371.2585754394531
-402.94117647058823,5,627,10240,200.0,16,0.0028137225,0.02353515625,0.0003,0.00612187385559082,-0.4975208263844252,0.2,1090,-0.0016190717229619621,717.2851875305175,280.2176208496094
-400.0,1,911,2048,200.0,2,0.0021235351,0.04033203125,0.0003,0.0024409890174865723,-0.5155315884388983,0.2,1100,0.0006168770356453024,748.5722138404847,668.6585693359375
-400.0,2,692,4096,200.0,5,8.990744e-05,0.00107421875,0.0003,0.0019301772117614746,-0.008517191700229887,0.2,1110,-7.632929628016427e-05,700.5654783725738,272.4087829589844
-400.0,3,654,6144,200.0,9,0.0001371146,0.00068359375,0.0003,0.0023965835571289062,-0.00816183989372803,0.2,1120,-1.1014750634785742e-05,702.4134176969528,317.700439453125
-401.25,4,632,8192,200.0,12,5.599577e-07,0.0,0.0003,0.0018494725227355957,-0.007430013688281179,0.2,1130,-2.316072641406208e-06,701.99523935318,303.87432861328125
-400.98039215686276,5,619,10240,200.0,16,0.00011881374,0.000927734375,0.0003,0.00331038236618042,-0.007901055824186187,0.2,1140,-0.00020148311741650105,707.2341397762299,325.9457092285156
-400.0,1,940,2048,200.0,2,1.2948294e-06,0.0,0.0003,0.002312183380126953,-0.0073187644360587,0.2,1150,-4.93836123496294e-06,743.7846769809723,274.5031433105469
-405.0,2,741,4096,200.0,5,0.00563756,0.046630859375,0.0003,0.0021547675132751465,-0.4909526971168816,0.2,1110,-0.0010914016849710606,702.8238099575043,240.36807250976562
-405.0,3,690,6144,200.0,8,0.0012509774,0.025244140625,0.0003,0.005965709686279297,-0.5430856856517494,0.2,1120,-0.0009348657171358354,707.0918855667114,495.277099609375
-403.75,4,673,8192,200.0,12,0.004136162,0.05888671875,0.0003,0.005982637405395508,-0.5790698712691664,0.2,1130,-0.0008306545219966211,713.9625879764557,252.90087890625
-404.9019607843137,5,660,10240,200.0,15,0.0029510036,0.03291015625,0.0003,0.0015205144882202148,-0.5985268514603377,0.2,1140,-7.272458169609309e-05,706.111447095871,240.47305297851562
-400.0,1,953,2048,200.0,2,0.004437519,0.04228515625,0.0003,0.01087254285812378,-0.5958133738487958,0.2,1150,-0.003700311902503017,761.188660287857,271.8432922363281
-400.0,2,744,4096,200.0,5,6.612719e-05,0.00107421875,0.0003,0.002337515354156494,-0.007628472050419078,0.2,1160,5.073001084383577e-05,697.6471744060516,343.050537109375
-400.0,3,671,6144,200.0,9,8.39658e-05,0.000927734375,0.0003,0.0018608570098876953,-0.006187684944598005,0.2,1170,-5.8349271421320735e-05,695.0270400047302,458.4509582519531
-400.0,4,656,8192,200.0,12,0.00013952082,0.001318359375,0.0003,0.0019696950912475586,-0.006203790847212076,0.2,1180,-5.0931367150042205e-05,696.5459183216095,536.770263671875
-400.98039215686276,5,641,10240,200.0,15,6.1993196e-06,0.0,0.0003,0.006537914276123047,-0.005451791757514002,0.2,1190,-6.018932617735118e-06,709.2209795951843,161.16905212402344
-400.0,1,909,2048,200.0,2,3.114133e-05,0.0,0.0003,0.0018115639686584473,-0.006597205295838649,0.2,1200,-1.6052701539592817e-05,759.4839654684067,314.1726379394531
-402.5,2,697,4096,200.0,5,0.0061626476,0.027490234375,0.0003,0.007461726665496826,-0.5609968658536673,0.2,1160,-0.0008347723036422394,709.3677704334259,469.6935729980469
-405.0,3,656,6144,200.0,9,0.0020201379,0.000830078125,0.0003,0.036569952964782715,-0.5777803333476186,0.2,1170,-0.000877155204943847,704.5026228427887,260.0969543457031
-403.75,4,629,8192,200.0,13,0.006548568,0.029345703125,0.0003,0.006051003932952881,-0.5422756740823388,0.2,1180,0.0001949813260580413,708.6730576515198,219.80857849121094
-402.94117647058823,5,616,10240,200.0,16,0.0030469606,0.029248046875,0.0003,0.0017747282981872559,-0.5513083428144455,0.2,1190,-0.0005900724841922056,704.0926298618317,352.4266052246094
-400.0,1,889,2048,200.0,2,0.0011452492,0.008056640625,0.0003,0.0021895766258239746,-0.5000551649369299,0.2,1200,0.0012412564879923592,745.3239203453064,408.3962707519531
-405.0,2,701,4096,200.0,5,0.00012964889,0.00078125,0.0003,0.0019007325172424316,-0.008834155533986632,0.2,1210,-4.486627585720271e-06,697.6735733509064,527.5903930664062
-403.3333333333333,3,656,6144,200.0,9,9.425238e-05,0.00107421875,0.0003,0.003418862819671631,-0.008022271503432422,0.2,1220,-0.00046005278127267955,704.6881161212921,664.1805419921875
-402.5,4,637,8192,200.0,12,1.7229904e-05,0.000244140625,0.0003,0.0017223954200744629,-0.007927413516154048,0.2,1230,-7.722633745288476e-06,698.8795910358429,355.7177429199219
-403.921568627451,5,620,10240,200.0,16,3.827014e-05,0.000341796875,0.0003,0.0022891759872436523,-0.008461692695709644,0.2,1240,-8.771292050369084e-06,699.4256294250488,248.3114776611328
-400.0,1,925,2048,200.0,2,0.00043391844,0.002001953125,0.0003,0.003912150859832764,-0.008407008659560233,0.2,1250,-0.00027946840273216365,746.92735414505,554.8687133789062
-400.0,2,705,4096,200.0,5,0.00060456153,0.013818359375,0.0003,0.001885831356048584,-0.48276845263317225,0.2,1210,2.530146739445627e-05,699.9928764820099,308.1318359375
-400.0,3,659,6144,200.0,9,0.0009844773,0.0298828125,0.0003,0.0015598535537719727,-0.4854973077774048,0.2,1220,-0.00020116284140385686,699.8795876026154,322.3193359375
-400.0,4,639,8192,200.0,12,0.00073611503,0.0265625,0.0003,0.0014469027519226074,-0.442581345513463,0.2,1230,0.0006494468383607454,699.952826499939,387.7808532714844
-400.0,5,624,10240,200.0,16,0.005230045,0.0365234375,0.0003,0.00155717134475708,-0.3961221762932837,0.2,1240,0.00011965047015110031,702.0705070972442,316.7095031738281
-400.0,1,908,2048,200.0,2,0.0031969561,0.03134765625,0.0003,0.0020343661308288574,-0.3567678379826248,0.2,1250,0.0008576923282817006,744.2219809532165,235.59539794921875
-405.0,2,716,4096,200.0,5,1.31858105e-05,0.0,0.0003,0.03058379888534546,-0.007377218033070676,0.2,1260,-1.8085412739310415e-05,669.7631832122803,327.2994689941406
-403.3333333333333,3,667,6144,200.0,9,2.1738582e-05,0.000439453125,0.0003,0.00395435094833374,-0.009257792940479704,0.2,1270,-0.00026417089102324096,702.8101502418518,314.10400390625
-407.5,4,640,8192,200.0,12,0.0003923523,0.003125,0.0003,0.0039969682693481445,-0.011332320561632515,0.2,1280,-0.00035065339325228705,706.8669281959534,338.523681640625
-405.88235294117646,5,622,10240,200.0,16,0.00043187672,0.012353515625,0.0003,0.005663394927978516,-0.01586284696968505,0.2,1290,-0.00042415708885528146,707.5384389400482,568.8095092773438
-400.0,1,831,2048,200.0,2,9.370918e-05,0.000537109375,0.0003,0.001723945140838623,-0.010129703136044554,0.2,1300,-4.795733402715996e-05,743.922586631775,384.4695739746094
-400.0,2,673,4096,200.0,6,0.0006922084,0.011962890625,0.0003,0.002411365509033203,-0.34569351356476546,0.2,1260,-0.0006012151534378063,699.3016451358795,185.409912109375
-400.0,3,624,6144,200.0,9,0.000483309,0.023486328125,0.0003,0.0020228028297424316,-0.3162552903406322,0.2,1270,-0.0001640903967199847,701.4809274673462,330.3519592285156
-410.0,4,600,8192,200.0,13,0.0007191978,0.008544921875,0.0003,0.0075705647468566895,-0.35508412728086114,0.2,1280,0.0005257560129393824,710.4735206842422,243.83148193359375
-407.84313725490193,5,592,10240,200.0,17,0.0027922206,0.00234375,0.0003,-0.00203096866607666,-0.3986087655648589,0.2,1290,-0.0011018929944839329,776.2422617435456,547.8638305664062
-400.0,1,832,2048,200.0,2,0.0009402733,0.014208984375,0.0003,0.0038334131240844727,-0.39345324551686645,0.2,1300,0.0009541894185531418,741.5122105121612,415.11956787109375
-400.0,2,599,4096,200.0,6,8.867501e-06,0.0,0.0003,0.0026860833168029785,-0.01202879010597826,0.2,1310,-6.521889008581638e-06,699.9530351638793,279.19842529296875
-400.0,3,588,6144,200.0,10,0.0001249995,0.0,0.0003,0.002565920352935791,-0.011749118404259207,0.2,1320,5.985581083223224e-06,698.3243224620819,350.35650634765625
-400.0,4,584,8192,200.0,14,0.0007850863,0.006591796875,0.0003,0.003637969493865967,-0.020371040805912344,0.2,1330,-0.00010029753320850432,697.2098747253418,376.5562744140625
-400.0,5,579,10240,200.0,17,0.00017089685,0.003515625,0.0003,0.0030538439750671387,-0.017703100873040965,0.2,1340,-2.3560007684864102e-05,698.9733615398407,263.5773620605469
-400.0,1,898,2048,200.0,2,0.0001845106,0.00087890625,0.0003,0.003302931785583496,-0.014534682257726672,0.2,1350,1.7730762192513793e-05,740.521881055832,438.0345458984375
-400.0,2,663,4096,200.0,6,0.0017864075,0.01650390625,0.0003,0.0032439231872558594,-0.40061218217015265,0.2,1310,-0.00024549105582991613,699.0607006072999,402.49725341796875
-405.0,3,575,6144,200.0,10,0.00086215406,0.01259765625,0.0003,0.0029478073120117188,-0.4032051739282906,0.2,1320,-0.0001567333994898945,701.0527919769287,297.7977294921875
-403.75,4,575,8192,200.0,14,0.0005483896,0.00390625,0.0003,0.030243396759033203,-0.36258160127326844,0.2,1330,-0.0013911763810028788,748.8525144100189,335.5873107910156
-402.94117647058823,5,569,10240,200.0,17,0.0006539228,0.0091796875,0.0003,0.004420042037963867,-0.3650992464274168,0.2,1340,-7.208700553746894e-05,700.4742406368256,241.3955535888672
-400.0,1,922,2048,200.0,2,0.0032965913,0.007958984375,0.0003,0.002540886402130127,-0.3112992400303483,0.2,1350,0.0002489936596248299,740.088751077652,563.8306884765625
-400.0,2,719,4096,200.0,5,0.00048332123,0.01259765625,0.0003,0.004945099353790283,-0.026701646429501125,0.2,1360,-9.496861748630181e-05,693.4593710899353,156.458984375
-400.0,3,668,6144,200.0,9,0.00030623664,0.00166015625,0.0003,0.0026746392250061035,-0.014659033215139061,0.2,1370,2.497203240636736e-06,696.239110994339,320.95263671875
-402.5,4,641,8192,200.0,12,3.856627e-05,0.000634765625,0.0003,0.0015534758567810059,-0.00997941692075983,0.2,1380,-4.599616659106687e-05,698.9841511726379,290.6684875488281
-402.94117647058823,5,616,10240,200.0,16,0.00069650175,0.004736328125,0.0003,0.007085621356964111,-0.011026730570847576,0.2,1390,-0.0010429444679175503,714.4426176071167,116.06382751464844
-400.0,1,854,2048,200.0,2,0.00022925442,0.003271484375,0.0003,0.005736589431762695,-0.015467455734142276,0.2,1400,-0.00036036388846696357,748.4898940086365,397.3899841308594
-400.0,2,658,4096,200.0,6,0.0011346478,0.009619140625,0.0003,0.00251162052154541,-0.251808467740193,0.2,1360,8.367598929908127e-05,698.6662691116333,361.5984802246094
-400.0,3,605,6144,200.0,10,0.0013519414,0.006787109375,0.0003,0.003497481346130371,-0.23572374586947262,0.2,1370,0.000179104290145915,695.4105282306671,318.97283935546875
-400.0,4,591,8192,200.0,13,0.0009578046,0.016064453125,0.0003,0.0014641880989074707,-0.1822398447431624,0.2,1380,-0.00013036879536230118,697.0798028945923,726.60546875
-400.0,5,590,10240,200.0,17,0.00048694448,0.000537109375,0.0003,0.001805424690246582,-0.18198045394383372,0.2,1390,0.00020785551168955863,700.1130539655685,587.0086669921875
-400.0,1,930,2048,200.0,2,0.0021994044,0.014892578125,0.0003,0.0025223493576049805,-0.19793283976614476,0.2,1400,-0.00010792819375637919,741.1946837425232,443.1710510253906
-400.0,2,738,4096,200.0,5,0.00072717114,0.003515625,0.0003,0.0030440092086791992,-0.01569845732246904,0.2,1410,-5.108146724523977e-05,696.9486856460571,243.132568359375
-400.0,3,684,6144,200.0,8,2.5425688e-06,0.0,0.0003,0.002068936824798584,-0.008247355871571927,0.2,1420,2.8408903745003045e-06,689.6194167613983,171.02047729492188
-400.0,4,662,8192,200.0,12,1.8330058e-05,0.000537109375,0.0003,0.0018907785415649414,-0.009674001342318661,0.2,1430,5.1251321565359834e-06,702.3950707435608,613.7191772460938
-400.0,5,647,10240,200.0,15,3.0457159e-05,0.0001953125,0.0003,0.0013353228569030762,-0.008018482604893507,0.2,1440,-7.63751013437286e-06,704.8198872089386,363.0853576660156
-400.0,1,799,2048,200.0,2,0.0001501001,0.001025390625,0.0003,0.0021867752075195312,-0.011360984729435586,0.2,1450,9.62276681093499e-06,746.5526565074921,634.4396362304688
-400.0,2,651,4096,200.0,6,0.0005947894,0.0025390625,0.0003,0.0026519298553466797,-0.1744265953078866,0.2,1410,8.299741166410968e-05,697.2583766937256,332.706787109375
-400.0,3,578,6144,200.0,10,0.00020154362,0.012255859375,0.0003,0.0013716816902160645,-0.170128871826455,0.2,1420,-0.00068961322249379,697.322355890274,233.10340881347656
-400.0,4,554,8192,200.0,14,0.00081472425,0.01640625,0.0003,0.002065122127532959,-0.15368896913714708,0.2,1430,5.4235377319855615e-05,696.1065987586975,304.6249694824219
-400.0,5,540,10240,200.0,18,0.00047313445,0.007080078125,0.0003,0.009715080261230469,-0.13671906373929232,0.2,1440,-0.00042565627954900266,707.8350700855256,64.98262786865234
-400.0,1,894,2048,200.0,2,0.00056857464,0.0140625,0.0003,0.0017300248146057129,-0.15273887026123703,0.2,1450,-0.0003836269665043801,740.5113433361054,345.95111083984375
-400.0,2,667,4096,200.0,6,3.1494943e-05,9.765625e-05,0.0003,0.0017490983009338379,-0.008463645935262321,0.2,1460,8.209361112676561e-06,699.2300198554992,397.02496337890625
-400.0,3,633,6144,200.0,9,0.00038818966,0.001904296875,0.0003,0.001471877098083496,-0.008788311073840305,0.2,1470,5.699705798178911e-06,698.2835779428482,461.2473449707031
-400.0,4,610,8192,200.0,13,0.00026807658,0.005517578125,0.0003,0.002689659595489502,-0.015001365319039905,0.2,1480,-4.6945511712692675e-06,696.4572061538696,299.8052978515625
-400.0,5,591,10240,200.0,17,0.0003321854,0.00263671875,0.0003,0.0024577975273132324,-0.015062220407344284,0.2,1490,-4.8566711484454576e-06,698.6679891586303,445.4529724121094
-400.0,1,896,2048,200.0,2,9.303156e-05,0.000439453125,0.0003,0.0014250874519348145,-0.008121534151723609,0.2,1500,-3.552015259629115e-05,742.271136379242,357.3246765136719
-400.0,2,674,4096,200.0,6,0.00012915517,0.008056640625,0.0003,0.001775979995727539,-0.15901511856354772,0.2,1460,-0.00022276901872828603,695.7497136354447,536.4445190429688
-400.0,3,624,6144,200.0,9,0.00082260673,0.008447265625,0.0003,0.0016713738441467285,-0.1385229010367766,0.2,1470,-4.080625221831724e-05,696.196178150177,403.04754638671875
-400.0,4,601,8192,200.0,13,0.000104162726,0.003369140625,0.0003,0.0010499954223632812,-0.13065782391931863,0.2,1480,7.39908340619877e-05,696.4464583396912,344.1651916503906
-400.0,5,579,10240,200.0,17,0.00049812114,0.013232421875,0.0003,0.0021175146102905273,-0.11669066397007555,0.2,1490,-0.00046383340668398887,697.0841094493866,324.0075988769531
-400.0,1,859,2048,200.0,2,0.00043176694,0.012109375,0.0003,0.0018017292022705078,-0.12392225649673491,0.2,1500,-3.0512634839396924e-05,738.720365524292,399.802734375
-400.0,2,672,4096,200.0,6,2.8676528e-05,0.0,0.0003,0.001643836498260498,-0.008906175769334368,0.2,1510,-6.115034193499014e-06,697.954325723648,348.40618896484375
-400.0,3,586,6144,200.0,10,4.051876e-05,0.00068359375,0.0003,0.0017807483673095703,-0.010784839489497244,0.2,1520,-4.99921734444797e-06,698.4197313308716,419.77850341796875
-400.0,4,548,8192,200.0,14,0.0002531164,0.002490234375,0.0003,0.002125382423400879,-0.01254379607289593,0.2,1530,-1.7391056462656707e-05,698.2128064632416,359.07867431640625
-400.0,5,531,10240,200.0,19,9.093128e-05,0.0017578125,0.0003,0.0017695426940917969,-0.010348703715499142,0.2,1540,-2.7053180383518337e-05,699.9888907432556,329.24853515625
-410.0,1,884,2048,200.0,2,9.180591e-05,0.00048828125,0.0003,0.0016550421714782715,-0.009542408551169501,0.2,1550,-1.6706643509678543e-05,742.6818209648133,394.34466552734375
-405.0,2,646,4096,200.0,6,0.0021983674,0.0130859375,0.0003,0.0049790143966674805,-0.11681420020759106,0.2,1510,-0.0010792001194204204,702.7732854366302,363.3963317871094
-403.3333333333333,3,594,6144,200.0,10,0.00095600856,0.004931640625,0.0003,0.0019869208335876465,-0.11272692552302033,0.2,1520,-0.000276571033464279,697.6721123695373,337.6683654785156
-402.5,4,568,8192,200.0,14,0.000766919,0.015625,0.0003,0.0018066167831420898,-0.09188667966518552,0.2,1530,0.00013442587660392747,698.9982332229614,306.1629333496094
-401.96078431372547,5,553,10240,200.0,18,0.00043853276,0.01015625,0.0003,0.001686692237854004,-0.07907320668455213,0.2,1540,-0.00027228030303376726,702.226338338852,631.98046875
-400.0,1,908,2048,200.0,2,0.00029761007,0.00625,0.0003,0.002020537853240967,-0.08424539210973307,0.2,1550,0.00025483078934485093,742.476149225235,143.8838348388672
-400.0,2,687,4096,200.0,5,0.00026069925,0.0033203125,0.0003,0.0025336742401123047,-0.017358378894732594,0.2,1560,-3.595850721467286e-05,694.6974956512452,177.30517578125
-400.0,3,610,6144,200.0,10,0.0004091764,0.00625,0.0003,0.0026412010192871094,-0.01532279251005093,0.2,1570,-3.205743560101837e-05,694.957152891159,209.9918670654297
-400.0,4,588,8192,200.0,13,0.00052702066,0.004736328125,0.0003,0.0019161701202392578,-0.01244948190797004,0.2,1580,-2.2513595467898995e-05,697.2816556453705,373.6811218261719
-400.0,5,586,10240,200.0,17,2.1014886e-05,0.000830078125,0.0003,0.0016782283782958984,-0.009470925818459364,0.2,1590,-2.2956269094720484e-05,698.4508337020874,403.7629089355469
-400.0,1,921,2048,200.0,2,6.0866703e-05,0.0017578125,0.0003,0.001733541488647461,-0.010963546052516903,0.2,1600,-2.0932853658450767e-05,740.8453705310822,397.5771179199219
-400.0,2,728,4096,200.0,5,0.00032124575,0.006005859375,0.0003,0.007645249366760254,-0.07558613696601242,0.2,1560,-0.0006281167050474323,709.6820601463318,141.49356079101562
-400.0,3,670,6144,200.0,9,0.0003767716,0.0083984375,0.0003,0.0022220611572265625,-0.0609012286295183,0.2,1570,-0.00041020213975571094,699.6452790737152,235.41195678710938
-400.0,4,648,8192,200.0,12,9.632e-06,0.000439453125,0.0003,0.001690983772277832,-0.053629872819874434,0.2,1580,-7.659554030396976e-05,701.2648465156556,578.8091430664062
-400.0,5,634,10240,200.0,16,0.00010424998,0.000927734375,0.0003,0.002122819423675537,-0.05841704274062067,0.2,1590,3.8988019514363256e-05,700.6638492107392,159.63429260253906
-400.0,1,917,2048,200.0,2,0.00022101053,0.004736328125,0.0003,0.0022840499877929688,-0.0551895423210226,0.2,1600,-0.00030363607656909154,741.9953824520111,439.8360900878906
-400.0,2,729,4096,200.0,5,0.00013707235,0.002734375,0.0003,0.0019948482513427734,-0.012100466679657983,0.2,1610,-5.829295114381239e-05,698.0578809261322,268.7685852050781
-403.3333333333333,3,670,6144,200.0,9,1.3716723e-05,0.00029296875,0.0003,0.0016887187957763672,-0.009438169242457661,0.2,1620,3.5193937947042286e-06,698.6924561738967,320.35516357421875
-402.5,4,656,8192,200.0,12,0.0009191011,0.005859375,0.0003,0.005143642425537109,-0.01037570679509372,0.2,1630,-0.0006125651438196655,707.7941289901734,567.5802612304688
-401.96078431372547,5,645,10240,200.0,15,2.3613975e-06,0.0,0.0003,0.0010363459587097168,-0.00566958966828679,0.2,1640,-6.156318704597652e-07,702.3383637905121,385.5367126464844
-400.0,1,923,2048,200.0,2,0.00022473218,0.000634765625,0.0003,0.0018349885940551758,-0.007370362869187375,0.2,1650,-2.588555798865855e-06,743.2742802619935,363.0278015136719
-400.0,2,726,4096,200.0,5,0.00054488576,0.007373046875,0.0003,0.0016961097717285156,-0.040493731922470036,0.2,1610,-0.00047075085894903167,698.1112790107727,330.6581726074219
-400.0,3,682,6144,200.0,9,0.000206895,0.005810546875,0.0003,0.0009443759918212891,-0.03289018984069116,0.2,1620,-0.0003906032448867336,699.8810567378998,367.72906494140625
-400.0,4,668,8192,200.0,12,0.0001207469,0.002685546875,0.0003,0.0015985965728759766,-0.027869678783463313,0.2,1630,-0.0002486280376615468,700.5675488471985,257.1282653808594
-400.0,5,652,10240,200.0,15,3.4119294e-05,0.00322265625,0.0003,0.0018145442008972168,-0.027528791589429603,0.2,1640,0.00020348824764369056,700.8660935401916,303.5520935058594
-400.0,1,939,2048,200.0,2,0.000120732,0.004345703125,0.0003,0.0012540221214294434,-0.02189639755524695,0.2,1650,-0.00011360177741153166,740.2895971298218,138.79454040527344
-400.0,2,745,4096,200.0,5,4.7287584e-05,0.000537109375,0.0003,0.001548171043395996,-0.007005622281940305,0.2,1660,-3.3556221751496197e-06,698.8289771080017,569.70166015625
-403.3333333333333,3,692,6144,200.0,8,1.2346136e-05,0.0,0.0003,0.0011458396911621094,-0.005422292765251769,0.2,1670,-6.2707404140383e-07,700.011667060852,463.9871520996094
-402.5,4,662,8192,200.0,12,0.00048831897,0.00244140625,0.0003,0.013167083263397217,-0.008500515851119416,0.2,1680,-0.0010551205763476902,725.7689102172851,196.5597686767578
-401.96078431372547,5,649,10240,200.0,15,3.6045007e-05,0.0001953125,0.0003,0.001343071460723877,-0.009423328191223846,0.2,1690,1.3904947991250083e-05,701.1329225063324,332.238037109375
-400.0,1,923,2048,200.0,2,0.000119068834,0.00107421875,0.0003,0.0019083619117736816,-0.012526605069251674,0.2,1700,-1.4239286974770948e-05,742.1890880107879,387.37884521484375
-402.5,2,723,4096,200.0,5,0.00012273886,0.0015625,0.0003,0.0014461874961853027,-0.024638241674983873,0.2,1660,-0.00027376595680834727,697.9994187355042,630.7545776367188
-401.6666666666667,3,669,6144,200.0,9,6.8807014e-05,0.001318359375,0.0003,0.021055996417999268,-0.03067069344688207,0.2,1670,-0.000294396450772183,697.6183039665223,180.8329620361328
-401.25,4,644,8192,200.0,12,0.00182989,0.003662109375,0.0003,0.0014941692352294922,-0.04522058092406951,0.2,1680,0.0005210208953940309,705.4029724359513,460.88970947265625
-400.98039215686276,5,634,10240,200.0,16,0.00040666206,0.00517578125,0.0003,0.0012604594230651855,-0.051403450197540224,0.2,1690,0.00010534665270824916,706.4877168178558,643.2974243164062
-410.0,1,913,2048,200.0,2,9.3594106e-05,0.001708984375,0.0003,0.0029181241989135742,-0.03887642710469663,0.2,1700,-5.463340057758615e-05,748.4425877571106,375.90411376953125
-405.0,2,720,4096,200.0,5,0.002322069,0.00478515625,0.0003,0.004586517810821533,-0.013918617144008749,0.2,1710,-0.0003309356361569371,704.0955169677734,198.84266662597656
-403.3333333333333,3,671,6144,200.0,9,0.0008615884,0.01328125,0.0003,0.005445659160614014,-0.030910871958349163,0.2,1720,-7.681119022890925e-05,697.2455290794372,190.96725463867188
-402.5,4,642,8192,200.0,12,8.061377e-05,0.000634765625,0.0003,0.0020064115524291992,-0.013310532823743415,0.2,1730,-4.2083338485099375e-06,698.292118358612,318.6653137207031
-401.96078431372547,5,630,10240,200.0,16,0.0022822046,0.01328125,0.0003,0.004246830940246582,-0.021475064052447125,0.2,1740,-9.831840288825333e-05,698.9909335374832,618.3800048828125
-400.0,1,917,2048,200.0,2,0.00012360918,0.000341796875,0.0003,0.0018584132194519043,-0.008452321978984401,0.2,1750,-4.761187301483005e-06,740.214828824997,395.4595031738281
-400.0,2,714,4096,200.0,5,0.00048841396,0.003759765625,0.0003,0.0015407800674438477,-0.037564939202275126,0.2,1710,-0.0003129521384835243,703.2072448730469,357.7982482910156
-400.0,3,660,6144,200.0,9,0.0008873495,0.003369140625,0.0003,0.0018054842948913574,-0.04879953286144882,0.2,1720,9.283400431741029e-05,702.4085401535034,449.8023681640625
-400.0,4,637,8192,200.0,12,0.000289073,0.00595703125,0.0003,0.0016950368881225586,-0.03911211318336427,0.2,1730,-0.0003788273723330349,703.7629957199097,482.44927978515625
-400.0,5,626,10240,200.0,16,0.0002242564,0.004443359375,0.0003,0.0013628005981445312,-0.034313413064228374,0.2,1740,-0.00020364820811664687,703.761142539978,245.81861877441406
-400.0,1,934,2048,200.0,2,0.0001180995,0.0037109375,0.0003,0.0012445449829101562,-0.026596092630643397,0.2,1750,-0.00021272947342367842,747.7139488697052,229.4344024658203
-400.0,2,722,4096,200.0,5,3.292662e-05,0.000927734375,0.0003,0.0014856457710266113,-0.0071463058668086886,0.2,1760,-1.2218370102345943e-05,698.0517190933227,657.6052856445312
-400.0,3,676,6144,200.0,9,3.522451e-05,0.001025390625,0.0003,0.0013765692710876465,-0.006771449436382681,0.2,1770,-9.781826520338654e-07,699.079004573822,408.5130920410156
-400.0,4,651,8192,200.0,12,7.3546544e-06,9.765625e-05,0.0003,0.0010458827018737793,-0.005562754639686318,0.2,1780,2.600831794552505e-06,698.578113245964,405.8587341308594
-400.0,5,637,10240,200.0,16,3.410416e-06,0.0,0.0003,0.0012433528900146484,-0.006262908539247292,0.2,1790,2.9264527256600557e-06,701.1549364566803,148.30691528320312
-400.0,1,923,2048,200.0,2,0.00011659108,0.00068359375,0.0003,0.0014567971229553223,-0.0076098866511529195,0.2,1800,-3.850007487926632e-06,743.253230047226,585.7567749023438
-400.0,2,739,4096,200.0,5,0.00010475796,0.00322265625,0.0003,0.0015619993209838867,-0.03214995709131472,0.2,1760,-0.0002030570241913665,704.812815284729,251.83901977539062
-400.0,3,667,6144,200.0,9,0.00010673556,0.001025390625,0.0003,0.00147932767868042,-0.0333275979035534,0.2,1770,3.6702874058391896e-05,702.3492430210114,350.0939025878906
-400.0,4,647,8192,200.0,12,0.00069536205,0.003125,0.0003,0.0012673139572143555,-0.04156418646452949,0.2,1780,6.067418144084513e-05,702.7738853931427,330.4136657714844
-400.0,5,633,10240,200.0,16,0.00025988207,0.007080078125,0.0003,0.0015087127685546875,-0.040768718614708634,0.2,1790,-0.0004733674039016478,701.6214939594269,238.21731567382812
-400.0,1,929,2048,200.0,2,0.00012652189,0.00244140625,0.0003,0.0015885233879089355,-0.03700640549068339,0.2,1800,-3.5639017005451025e-05,743.8270998954773,306.3139343261719
-400.0,2,720,4096,200.0,5,0.00020786436,0.000390625,0.0003,0.0015339255332946777,-0.00883352692999324,0.2,1810,2.3351673007709906e-06,698.6774091243744,327.9128723144531
-400.0,3,662,6144,200.0,9,2.6579888e-05,0.000634765625,0.0003,0.0013633966445922852,-0.007823239185290732,0.2,1820,-2.554665843490511e-06,698.6817028522491,494.4890441894531
-400.0,4,636,8192,200.0,12,0.000111866044,0.00068359375,0.0003,0.0011492371559143066,-0.006860685513129283,0.2,1830,6.97733776178211e-06,698.9075119018555,320.8850402832031
-400.0,5,624,10240,200.0,16,0.0001240279,0.001025390625,0.0003,0.0018920302391052246,-0.010304144786096004,0.2,1840,-1.592754415469244e-05,699.6626393318177,642.4920654296875
-400.0,1,944,2048,200.0,2,6.8188965e-05,0.000537109375,0.0003,0.0015835165977478027,-0.007502074156946037,0.2,1850,-3.4962024074047806e-06,733.0661281108856,201.51705932617188
-400.0,2,718,4096,200.0,5,0.00050890073,0.00390625,0.0003,0.0014581084251403809,-0.0485661601065658,0.2,1810,-0.00022629510858678258,698.5116831302643,390.69940185546875
-400.0,3,664,6144,200.0,9,0.00019695805,0.00478515625,0.0003,0.0011540651321411133,-0.035506474727299064,0.2,1820,-0.00035353828279767187,700.3728169918061,365.146728515625
-400.0,4,642,8192,200.0,12,0.00047761353,0.001953125,0.0003,0.0010486841201782227,-0.028763925650855525,0.2,1830,6.621370557695627e-05,702.1374744892121,283.24444580078125
-400.0,5,633,10240,200.0,16,7.5133896e-05,0.00185546875,0.0003,0.001042187213897705,-0.01915972580318339,0.2,1840,-0.0001586744110682048,702.1070422172546,221.99366760253906
-400.0,1,940,2048,200.0,2,0.00012436826,0.00234375,0.0003,0.0013473033905029297,-0.016064493663725442,0.2,1850,-0.00021335668861865997,742.7658736228943,592.2213745117188
-400.0,2,734,4096,200.0,5,8.054022e-05,0.0,0.0003,0.001454770565032959,-0.0076909992135369976,0.2,1860,-9.953946573659778e-08,699.8374034166336,609.90234375
-400.0,3,679,6144,200.0,9,0.00032672333,0.001416015625,0.0003,0.0018121600151062012,-0.008534695434536842,0.2,1870,1.994927879422903e-06,700.47017993927,314.9178161621094
-400.0,4,652,8192,200.0,12,1.2295466e-05,9.765625e-05,0.0003,0.00104600191116333,-0.005203850627367501,0.2,1880,1.525584957562387e-06,700.3281474113464,541.2581176757812
-401.96078431372547,5,635,10240,200.0,16,0.001086062,0.003125,0.0003,0.005225658416748047,-0.007128762576394365,0.2,1890,-0.0006651294534094632,710.612611246109,329.2137451171875
-400.0,1,873,2048,200.0,2,1.8327177e-05,0.0001953125,0.0003,0.0013480186462402344,-0.005460014605341712,0.2,1900,-5.609763320535421e-09,743.8669609546662,161.92593383789062
-400.0,2,699,4096,200.0,5,2.839326e-05,0.0001953125,0.0003,0.0016472935676574707,-0.015326249747886322,0.2,1860,7.064922829158604e-06,698.749939084053,571.5789184570312
-400.0,3,656,6144,200.0,9,8.755014e-06,0.00048828125,0.0003,0.0010494589805603027,-0.018954694957938046,0.2,1870,-0.0001581356264068745,700.1285997867584,368.9855041503906
-400.0,4,639,8192,200.0,12,0.00022319384,0.001806640625,0.0003,0.0010451078414916992,-0.0300024667463731,0.2,1880,6.97327486705035e-05,701.2147146224976,132.29385375976562
-400.0,5,629,10240,200.0,16,0.0002179817,0.00322265625,0.0003,0.0010382533073425293,-0.02130716886022128,0.2,1890,-0.00027843288407893854,700.6859519481659,494.4332275390625
-400.0,1,920,2048,200.0,2,7.181434e-05,0.002099609375,0.0003,0.0009057521820068359,-0.02422018883517012,0.2,1900,-0.00031467482622247187,796.6892228603363,241.54443359375
-400.0,2,733,4096,200.0,5,1.9637228e-06,0.0,0.0003,0.0011318325996398926,-0.005031701193729532,0.2,1910,1.4823119272477924e-06,699.7381883144378,372.0409240722656
-400.0,3,679,6144,200.0,9,4.1260064e-05,0.00048828125,0.0003,0.0012608170509338379,-0.004618693021984655,0.2,1920,-5.646105273626745e-06,702.506697845459,234.19186401367188
-400.0,4,657,8192,200.0,12,5.626923e-05,0.0005859375,0.0003,0.0011577010154724121,-0.0040449386020554815,0.2,1930,-9.29716625250876e-06,702.2392467975617,306.4553527832031
-400.0,5,644,10240,200.0,15,5.5677083e-05,9.765625e-05,0.0003,0.0013552308082580566,-0.0037523522372794106,0.2,1940,3.999886394012719e-06,703.7522393465042,505.40338134765625
-400.0,1,930,2048,200.0,2,0.00016264737,0.0013671875,0.0003,0.001459658145904541,-0.0034494068209824035,0.2,1950,-9.992066770792007e-06,745.5085030555725,382.384765625
-400.0,2,745,4096,200.0,5,0.00023026648,0.003955078125,0.0003,0.0012236237525939941,-0.024177577107911928,0.2,1910,0.00018163124623242765,735.8273517608643,490.3835754394531
-400.0,3,692,6144,200.0,8,6.297065e-05,0.00107421875,0.0003,0.0010434985160827637,-0.01809118180826772,0.2,1920,-0.00011461411195341497,732.2126513957977,298.6747131347656
-400.0,4,665,8192,200.0,12,8.838862e-06,0.003076171875,0.0003,0.0010273456573486328,-0.01467826821608469,0.2,1930,-5.308179970597848e-05,725.9050688266755,512.9329223632812
-400.0,5,650,10240,200.0,15,0.00010852434,0.003173828125,0.0003,0.0010325312614440918,-0.013080990576418117,0.2,1940,-0.0003092163664405234,724.4396436214447,443.0176086425781
-400.0,1,878,2048,200.0,2,3.2328186e-05,0.001171875,0.0003,0.0010420680046081543,-0.01493011060229037,0.2,1950,-0.0006851882360933814,759.1432756900788,306.17803955078125
-400.0,2,715,4096,200.0,5,7.872586e-08,0.0,0.0003,0.0012350082397460938,-0.002735400653727993,0.2,1960,-2.1183586795814335e-07,701.2002221107483,783.4716796875
-400.0,3,675,6144,200.0,9,3.2014214e-09,0.0,0.0003,0.0009431242942810059,-0.002609731785196345,0.2,1970,1.0594376362860202e-07,702.3381545066834,183.99501037597656
-400.0,4,660,8192,200.0,12,3.1141099e-09,0.0,0.0003,0.0009433627128601074,-0.0026381833560662924,0.2,1980,1.894659362733364e-08,702.0656943798065,377.8308410644531
-400.0,5,652,10240,200.0,15,2.3819099e-05,9.765625e-05,0.0003,0.0010395646095275879,-0.0027610132174231694,0.2,1990,-3.1794115784578025e-06,703.7199866294861,279.69635009765625
-400.0,1,881,2048,200.0,2,6.862011e-05,0.000537109375,0.0003,0.0011401772499084473,-0.0027014130600946373,0.2,2000,-3.259048680774868e-05,745.1915225505829,529.503173828125
-400.0,2,732,4096,200.0,5,7.188495e-05,0.001416015625,0.0003,0.00102919340133667,-0.01735557944921311,0.2,1960,-0.0002697764946788084,711.1629176616668,200.65467834472656
-400.0,3,687,6144,200.0,8,2.2064778e-06,0.0,0.0003,0.0009446144104003906,-0.01711173870426137,0.2,1970,-1.0163850674871355e-05,709.4614364624024,201.30673217773438
-400.0,4,664,8192,200.0,12,5.5442797e-06,0.0,0.0003,0.0010460615158081055,-0.01703930498333648,0.2,1980,1.2243959645275027e-05,710.2054569721222,373.6370849609375
-400.0,5,652,10240,200.0,15,0.00014071315,0.002197265625,0.0003,0.0009620785713195801,-0.012702363613061606,0.2,1990,-0.00014624941104557365,706.6200397968292,680.754150390625
-400.0,1,922,2048,200.0,2,2.0700216e-05,0.0,0.0003,0.0012398958206176758,-0.01112372804491315,0.2,2000,-3.983340866398066e-06,748.9665837287903,240.1095733642578
-400.0,2,717,4096,200.0,5,1.19092874e-07,0.0,0.0003,0.001028597354888916,-0.0024961299384813175,0.2,2010,5.182300810702145e-08,699.9264730453491,170.66253662109375
-400.0,3,655,6144,200.0,9,4.9928844e-05,0.0001953125,0.0003,0.0013577938079833984,-0.002862840257694188,0.2,2020,1.997825165744871e-06,699.7798854827881,239.5631103515625
-400.0,4,636,8192,200.0,12,3.5669305e-05,0.000439453125,0.0003,0.0010465383529663086,-0.0022373524656359224,0.2,2030,4.708560300059616e-06,703.1318319797516,350.220947265625
-400.0,5,622,10240,200.0,16,3.6670826e-09,0.0,0.0003,0.0009367465972900391,-0.0021519909912967707,0.2,2040,1.4009274309501052e-07,704.4025473833084,547.6923828125
-400.0,1,923,2048,200.0,2,1.9249273e-07,0.0,0.0003,0.0011407136917114258,-0.0023856328316469444,0.2,2050,-2.0882434910163282e-07,744.0476033210755,640.5982055664062
-400.0,2,720,4096,200.0,5,2.400155e-05,0.000439453125,0.0003,0.0011211633682250977,-0.011583809353760443,0.2,2010,-0.00010877575041376986,699.7385910511017,163.55130004882812
-400.0,3,668,6144,200.0,9,5.076584e-05,0.000390625,0.0003,0.001241147518157959,-0.011054943510680459,0.2,2020,-2.6059419906232505e-05,703.0126730203629,824.6665649414062
-400.0,4,647,8192,200.0,12,0.00010678155,0.00126953125,0.0003,0.0010434389114379883,-0.007874544050719124,0.2,2030,-0.0001163822875241749,706.204291343689,467.4410095214844
-400.0,5,636,10240,200.0,16,2.6919384e-05,0.000146484375,0.0003,0.0011429786682128906,-0.0076788025631685745,0.2,2040,8.66343907546252e-07,707.7151705265045,209.8330078125
-400.0,1,930,2048,200.0,2,6.79669e-05,0.001220703125,0.0003,0.0014434456825256348,-0.006292974328971468,0.2,2050,-0.00012589076795848085,748.016815662384,625.453857421875
-400.0,2,728,4096,200.0,5,5.6022167e-05,0.000439453125,0.0003,0.0010285377502441406,-0.002447440235482645,0.2,2060,-3.124708164250478e-05,700.936783528328,478.8429260253906
-400.0,3,678,6144,200.0,9,4.738802e-06,0.000439453125,0.0003,0.0012529492378234863,-0.0027145451897922614,0.2,2070,2.6775713195092974e-06,702.3789476871491,288.07098388671875
-400.0,4,651,8192,200.0,12,1.45158265e-05,0.00029296875,0.0003,0.001046895980834961,-0.0022756776605092456,0.2,2080,2.30397708946839e-06,702.4348934412003,230.0371856689453
-400.0,5,638,10240,200.0,16,5.4831617e-08,0.0,0.0003,0.0009372830390930176,-0.002241044525817415,0.2,2090,4.123183316551149e-07,701.7037124156952,287.6622619628906
-400.0,1,927,2048,200.0,2,1.167471e-06,0.0,0.0003,0.0010367035865783691,-0.002579026128842088,0.2,2100,4.7743378672748805e-08,744.1052249908447,338.0996398925781
-400.0,2,719,4096,200.0,5,0.0,0.0,0.0003,0.0010282397270202637,-0.006019423922407441,0.2,2060,1.9378785509616137e-08,701.6977523326874,187.3776092529297
-400.0,3,673,6144,200.0,9,0.00027830724,0.001708984375,0.0003,0.0011435151100158691,-0.010260056049446575,0.2,2070,-0.00034362538208370096,703.1813965797425,433.27484130859375
-400.0,4,649,8192,200.0,12,0.00021190598,0.0015625,0.0003,0.0009452104568481445,-0.006007561009027995,0.2,2080,-0.00010727700791903771,702.4930930137634,228.44349670410156
-400.0,5,631,10240,200.0,16,8.731149e-09,0.0,0.0003,0.001142740249633789,-0.005611847911495715,0.2,2090,1.501633960288018e-07,709.324684047699,234.45567321777344
-400.0,1,934,2048,200.0,2,9.8953024e-08,0.0,0.0003,0.0009868741035461426,-0.005635949413408526,0.2,2100,-2.014164056163281e-06,723.6640921115875,519.9000854492188
-400.0,2,721,4096,200.0,5,6.7035144e-06,0.0001953125,0.0003,0.001132190227508545,-0.0031742616982228357,0.2,2110,-5.5665732361376286e-06,700.2528358697891,323.34210205078125
-400.0,3,667,6144,200.0,9,2.4413399e-05,0.00068359375,0.0003,0.0012535452842712402,-0.0032754522287177677,0.2,2120,-9.12566902115941e-06,703.0250347852707,299.8893737792969
-400.0,4,645,8192,200.0,12,2.3574103e-08,0.0,0.0003,0.0009435415267944336,-0.002664206502504385,0.2,2130,-3.2017123885452745e-08,702.4328455448151,139.51422119140625
-400.0,5,631,10240,200.0,16,0.0003055738,0.000439453125,0.0003,0.000937044620513916,-0.0029418129390251123,0.2,2140,-5.689364552381448e-05,703.9901444196701,388.36663818359375
-400.0,1,916,2048,200.0,2,4.1561958e-05,0.000439453125,0.0003,0.0011400580406188965,-0.0028461158199206693,0.2,2150,-3.0220908229239285e-06,748.0126047134399,483.9228515625
-400.0,2,719,4096,200.0,5,4.450645e-06,0.0,0.0003,0.0010156631469726562,-0.0052568942119251005,0.2,2110,-8.759069896768778e-06,684.6642914295196,373.3896789550781
-400.0,3,681,6144,200.0,9,2.6775524e-05,0.00048828125,0.0003,0.0009458065032958984,-0.004250214779312955,0.2,2120,-5.873909976799041e-05,688.4590538024902,363.44622802734375
-400.0,4,663,8192,200.0,12,1.7328246e-05,0.000146484375,0.0003,0.001007378101348877,-0.0036071802089281844,0.2,2130,-2.1686204127036036e-05,692.2759461402893,447.2572021484375
-400.0,5,652,10240,200.0,15,5.796086e-05,0.000732421875,0.0003,0.0009387731552124023,-0.0037264364924340042,0.2,2140,-0.0001269578715437092,694.6181534767151,362.07781982421875
-400.0,1,928,2048,200.0,2,2.3375964e-05,0.00029296875,0.0003,0.0010407567024230957,-0.0032313498071744108,0.2,2150,-3.233545285183936e-05,737.1591493606568,667.6632690429688
-400.0,2,742,4096,200.0,5,6.0484163e-06,0.00029296875,0.0003,0.001131594181060791,-0.002826153401110787,0.2,2160,5.109001358505339e-06,703.622695350647,502.40216064453125
-400.0,3,695,6144,200.0,8,2.9176474e-05,0.000341796875,0.0003,0.0011500120162963867,-0.002742222604865674,0.2,2170,2.0665131160058083e-06,703.3756528377533,529.28076171875
-400.0,4,674,8192,200.0,12,2.4777866e-05,0.0001953125,0.0003,0.0010467767715454102,-0.0023458262212443515,0.2,2180,3.0425289878621697e-06,703.8595556259155,298.825439453125
-400.0,5,661,10240,200.0,15,6.437767e-08,0.0,0.0003,0.0009366869926452637,-0.002211657151019608,0.2,2190,3.0986702768132093e-07,707.0461796760559,399.0545349121094
-400.0,1,930,2048,200.0,2,7.889606e-05,0.000244140625,0.0003,0.0012288093566894531,-0.0023744748657918537,0.2,2200,-4.625624569598585e-06,748.3605306148529,207.87692260742188
-400.0,2,732,4096,200.0,5,3.783498e-09,0.0,0.0003,0.0010277032852172852,-0.003015377397969132,0.2,2160,-1.0655203368514776e-07,694.8903304338455,324.10247802734375
-400.0,3,679,6144,200.0,9,2.9685907e-09,0.0,0.0003,0.000944674015045166,-0.002932514419808285,0.2,2170,-1.118329237215221e-07,696.9234657287598,581.58447265625
-400.0,4,656,8192,200.0,12,4.336238e-06,0.000390625,0.0003,0.0009447336196899414,-0.003332532480999362,0.2,2180,-2.875336504075676e-05,700.5635564804077,270.06512451171875
-400.0,5,639,10240,200.0,16,0.00010659179,0.0005859375,0.0003,0.000938713550567627,-0.004036364100466016,0.2,2190,-7.633658970007674e-06,699.8907870769501,583.6607666015625
-400.0,1,922,2048,200.0,2,0.0,0.0,0.0003,0.0010387897491455078,-0.004259154541796306,0.2,2200,4.633766366168857e-08,743.4533200025559,416.3954162597656
-400.0,2,716,4096,200.0,5,1.2100354e-05,0.000341796875,0.0003,0.0011317133903503418,-0.002135057188934297,0.2,2210,4.514481406658888e-06,703.7489214897156,252.9825439453125
-400.0,3,659,6144,200.0,9,8.3236955e-09,0.0,0.0003,0.0010464191436767578,-0.0019499927260767437,0.2,2220,4.20113792642951e-09,704.070737361908,341.8379821777344
-400.0,4,637,8192,200.0,12,1.0185118e-05,4.8828125e-05,0.0003,0.0010467171669006348,-0.002018787304405123,0.2,2230,-9.535477147437633e-07,704.2960224151611,538.0485229492188
-400.0,5,626,10240,200.0,16,2.4032954e-05,0.0001953125,0.0003,0.0010395646095275879,-0.0019624016913439846,0.2,2240,4.129521403228864e-06,705.5353450775146,676.8950805664062
-400.0,1,920,2048,200.0,2,9.895302e-10,0.0,0.0003,0.0010363459587097168,-0.001904987183297635,0.2,2250,-1.0055373422801495e-08,748.2271191596985,336.651123046875
-400.0,2,722,4096,200.0,5,2.561137e-09,0.0,0.0003,0.0010297894477844238,-0.004244985031982651,0.2,2210,-1.6318663256242872e-07,699.3381343841553,163.26686096191406
-400.0,3,674,6144,200.0,9,0.0,0.0,0.0003,0.0009437799453735352,-0.0041904684439941775,0.2,2220,-2.8681824915111064e-09,702.3755006790161,240.97288513183594
-400.0,4,650,8192,200.0,12,0.0,0.0,0.0003,0.0009449124336242676,-0.00418950687526376,0.2,2230,-6.960181053727865e-09,703.9078544616699,278.03857421875
-400.0,5,640,10240,200.0,15,0.0,0.0,0.0003,0.0009383559226989746,-0.004186229895276483,0.2,2240,-9.15315467864275e-10,705.216828584671,308.71875
-400.0,1,891,2048,200.0,2,0.0,0.0,0.0003,0.0010399222373962402,-0.00422114711109316,0.2,2250,3.6277924664318563e-09,746.852193236351,286.69268798828125
-400.0,2,717,4096,200.0,5,1.1059456e-09,0.0,0.0003,0.0010286569595336914,-0.0019193920506950235,0.2,2260,3.355744411237538e-08,702.0934491634368,516.4730834960938
-400.0,3,657,6144,200.0,9,1.717126e-09,0.0,0.0003,0.0009434223175048828,-0.001848124438765808,0.2,2270,2.8827344067394733e-08,703.5592948436737,423.964111328125
-400.0,4,637,8192,200.0,12,6.225263e-05,0.000439453125,0.0003,0.0010467767715454102,-0.0016879019838597741,0.2,2280,-3.6824493145104496e-05,704.1331240653992,242.63653564453125
-400.0,5,622,10240,200.0,16,2.9314542e-06,0.0,0.0003,0.0010395050048828125,-0.0017907278985148877,0.2,2290,1.7694823327474295e-06,706.8077229499817,262.33123779296875
-400.0,1,914,2048,200.0,2,4.0745363e-10,0.0,0.0003,0.0011403560638427734,-0.0016723818882383057,0.2,2300,-6.5017957240343096e-09,748.7349680900574,275.5511779785156
-400.0,2,730,4096,200.0,5,1.2805685e-09,0.0,0.0003,0.0010299086570739746,-0.004215759634098504,0.2,2260,-5.731053533963859e-08,702.9020169019699,305.5975036621094
-400.0,3,678,6144,200.0,9,3.3603195e-05,0.000732421875,0.0003,0.0009439587593078613,-0.00392739212475135,0.2,2270,0.0004343684653576929,704.0179992675781,399.6455078125
-400.0,4,653,8192,200.0,12,0.00016808315,0.0001953125,0.0003,0.0009448528289794922,-0.002815895683670533,0.2,2280,-2.8026895597577096e-05,704.457270526886,234.1227569580078
-400.0,5,641,10240,200.0,15,5.820766e-10,0.0,0.0003,0.0009385347366333008,-0.001846079518509214,0.2,2290,-2.588785719126463e-08,705.4104165554047,383.33331298828125
-400.0,1,901,2048,200.0,2,9.313226e-10,0.0,0.0003,0.0010368824005126953,-0.0018825800016202265,0.2,2300,4.607136361300946e-09,748.7620208740234,504.2018737792969
-400.0,2,725,4096,200.0,5,2.2118911e-09,0.0,0.0003,0.0010284781455993652,-0.0016797051446701516,0.2,2310,-3.858876880258322e-08,702.9426526546479,183.9566192626953
-400.0,3,655,6144,200.0,9,8.119969e-09,0.0,0.0003,0.0009433627128601074,-0.0015897101655355072,0.2,2320,8.743372745811939e-08,704.0637790203094,331.8143005371094
-400.0,4,637,8192,200.0,12,1.2456439e-08,0.0,0.0003,0.0011584758758544922,-0.0016361613656044939,0.2,2330,1.671651261858642e-07,703.2963664531708,381.5408630371094
-400.0,5,625,10240,200.0,16,6.5862056e-05,0.000439453125,0.0003,0.0009369850158691406,-0.0015241437151416904,0.2,2340,-3.1701705302111806e-05,704.4379074573517,515.1136474609375
-400.0,1,935,2048,200.0,2,4.1550724e-05,0.000439453125,0.0003,0.0010368824005126953,-0.001596324530964921,0.2,2350,-3.9106831536628306e-05,746.0106821537017,167.5226287841797
-400.0,2,731,4096,200.0,5,1.9208528e-09,0.0,0.0003,0.0010291337966918945,-0.001884888534914353,0.2,2310,-2.4431501515209676e-07,702.4892683982849,380.53631591796875
-400.0,3,675,6144,200.0,9,0.0,0.0,0.0003,0.0009451508522033691,-0.001826135268129292,0.2,2320,-3.56565578840673e-08,702.1615105628968,345.74407958984375
-400.0,4,652,8192,200.0,12,0.0,0.0,0.0003,0.0009450316429138184,-0.0018236171472381102,0.2,2330,8.012284524738789e-09,702.7180351734162,378.1837158203125
-400.0,5,636,10240,200.0,16,0.0,0.0,0.0003,0.0009386539459228516,-0.0018210884412837914,0.2,2340,-6.063783075660467e-09,703.460412979126,148.7423095703125
-400.0,1,926,2048,200.0,2,0.00016297985,0.00078125,0.0003,0.0011449456214904785,-0.001400488226863672,0.2,2350,-7.793511322233826e-05,745.9418422698975,454.21429443359375
-400.0,2,738,4096,200.0,5,7.3341653e-09,0.0,0.0003,0.0010287761688232422,-0.0016419032635894837,0.2,2360,7.955386536195874e-08,700.7312804698944,243.141845703125
-400.0,3,677,6144,200.0,9,1.1216616e-07,0.0,0.0003,0.0009438395500183105,-0.0015986833695933456,0.2,2370,2.2068124962970615e-07,701.3373294115066,310.1473693847656
-400.0,4,652,8192,200.0,12,0.0002648522,0.000634765625,0.0003,0.0011510252952575684,-0.001540792911328026,0.2,2380,-2.5785302568692714e-06,701.079363822937,305.7205810546875
-400.0,5,640,10240,200.0,15,4.356116e-05,0.000390625,0.0003,0.0009377002716064453,-0.0012506714610026393,0.2,2390,-4.208942409604788e-05,700.6388106822967,273.4578857421875
-400.0,1,926,2048,200.0,2,6.9849193e-10,0.0,0.0003,0.0010374784469604492,-0.0013401939801042317,0.2,2400,-5.7720171753317114e-09,743.4325135231018,233.1810760498047
-400.0,2,720,4096,200.0,5,0.0,0.0,0.0003,0.001029372215270996,-0.0012129295035265386,0.2,2360,-1.7816637409850954e-08,699.9797063827515,124.16676330566406
-400.0,3,669,6144,200.0,9,0.0,0.0,0.0003,0.0009443759918212891,-0.0011781460914789931,0.2,2370,-3.68308974429965e-09,701.847602558136,148.35726928710938
-400.0,4,637,8192,200.0,12,4.8833317e-07,9.765625e-05,0.0003,0.0010494589805603027,-0.0012382947094010887,0.2,2380,-1.476359466323629e-06,702.661749792099,153.60809326171875
-400.0,5,627,10240,200.0,16,2.910383e-10,0.0,0.0003,0.0009351968765258789,-0.0011839574386613093,0.2,2390,-2.3723987396806478e-08,703.5527969837188,158.10397338867188
-400.0,1,922,2048,200.0,2,0.0,0.0,0.0003,0.001040816307067871,-0.001218522314229631,0.2,2400,-4.377943696454168e-09,744.3684886455536,625.407470703125
-400.0,2,713,4096,200.0,5,6.0418097e-06,9.765625e-05,0.0003,0.001132369041442871,-0.0013816731961924233,0.2,2410,5.934779619565234e-06,701.0730602264405,341.02801513671875
-400.0,3,654,6144,200.0,9,2.910383e-10,0.0,0.0003,0.0010471343994140625,-0.001261441403585195,0.2,2420,-1.7622369341552257e-09,703.1529809474945,331.43359375
-400.0,4,638,8192,200.0,12,8.128118e-07,0.0,0.0003,0.0010473132133483887,-0.0013288450421896415,0.2,2430,2.2155276383273303e-06,703.016662311554,368.77838134765625
-400.0,5,619,10240,200.0,16,6.0827006e-09,0.0,0.0003,0.000937342643737793,-0.0012744746616590418,0.2,2440,-9.240975487045944e-08,703.2618543863297,585.70263671875
-400.0,1,912,2048,200.0,2,1.132139e-08,0.0,0.0003,0.0010375380516052246,-0.0013820409243635368,0.2,2450,-9.72795533016324e-10,743.6775375366211,409.7811584472656
-400.0,2,728,4096,200.0,5,0.0,0.0,0.0003,0.0010296106338500977,-0.0012142035335273248,0.2,2410,-1.885200617834926e-09,699.4844578742981,206.53326416015625
-400.0,3,677,6144,200.0,9,0.00011628278,0.000390625,0.0003,0.0009453296661376953,-0.0008106879538900102,0.2,2420,-3.836397809209302e-05,699.0416203975677,220.08108520507812
-400.0,4,655,8192,200.0,12,0.0,0.0,0.0003,0.0009453296661376953,-0.0007617424488671531,0.2,2430,-1.0535586625337602e-09,699.7894094944,222.8299102783203
-400.0,5,633,10240,200.0,16,0.0,0.0,0.0003,0.0009386539459228516,-0.0007600090866617393,0.2,2440,-9.557697921991348e-09,701.5138730049133,289.7149963378906
-400.0,1,944,2048,200.0,2,0.0,0.0,0.0003,0.0010377168655395508,-0.0007922515352220217,0.2,2450,-5.454057827591896e-09,743.5845588207245,407.28662109375
-400.0,2,737,4096,200.0,5,0.00041846134,0.000439453125,0.0003,0.00102919340133667,-0.0018528946890000952,0.2,2460,-0.0003617263995693065,698.2572936058044,559.046875
-400.0,3,683,6144,200.0,8,0.0,0.0,0.0003,0.0009440779685974121,-0.0018275577927852281,0.2,2470,2.1231244318187238e-09,699.7461579799652,386.2994689941406
-400.0,4,651,8192,200.0,12,2.409282e-05,0.000439453125,0.0003,0.0009439587593078613,-0.0017331300168734742,0.2,2480,-3.298801457276568e-05,702.1179457187652,221.80734252929688
-400.0,5,634,10240,200.0,16,0.0,0.0,0.0003,0.0009375214576721191,-0.0017207697430421832,0.2,2490,-8.581264410167933e-09,703.3854184627533,345.7980041503906
-400.0,1,916,2048,200.0,2,1.0625372e-05,0.00029296875,0.0003,0.0012453198432922363,-0.0018602224983624183,0.2,2500,-3.631740401033312e-06,746.7285211086273,347.7396545410156
-400.0,2,738,4096,200.0,5,6.4028427e-10,0.0,0.0003,0.0010293126106262207,-0.0007893208521636552,0.2,2460,-1.0666408343240618e-07,698.3236253738403,244.60702514648438
-403.3333333333333,3,692,6144,200.0,8,0.0,0.0,0.0003,0.0009449124336242676,-0.0007478124777662743,0.2,2470,-8.438655640929937e-09,699.4652760505676,261.5408935546875
-402.5,4,672,8192,200.0,12,0.00015294092,0.000927734375,0.0003,0.003653883934020996,-0.0007634687147401564,0.2,2480,-0.0002815228566760197,705.8028570652008,238.16795349121094
-401.96078431372547,5,658,10240,200.0,15,6.4028427e-10,0.0,0.0003,0.0008996725082397461,-0.0006850156720247469,0.2,2490,-1.4754405128769576e-07,701.6479902267456,309.5160827636719
-400.0,1,947,2048,200.0,2,0.0,0.0,0.0003,0.0010398030281066895,-0.0006979315140597464,0.2,2500,3.019522409886122e-10,743.9330003738403,295.76239013671875
-400.0,2,751,4096,200.0,5,1.6365608e-05,0.00029296875,0.0003,0.0011323094367980957,-0.0017601140698388917,0.2,2510,-2.7453614166006444e-06,701.774869298935,497.2997131347656
-400.0,3,693,6144,200.0,8,0.0,0.0,0.0003,0.0009438395500183105,-0.001652092932636151,0.2,2520,2.132655936293304e-08,702.1582827568054,526.4581909179688
-400.0,4,665,8192,200.0,12,8.182484e-06,0.0,0.0003,0.0010475516319274902,-0.0016887592919374583,0.2,2530,1.307485217694193e-06,701.9789538383484,252.1215057373047
-400.0,5,657,10240,200.0,15,0.0,0.0,0.0003,0.0009375810623168945,-0.0016188992307434092,0.2,2540,-2.5756889954209327e-10,703.092443227768,405.2525634765625
-400.0,1,930,2048,200.0,2,0.0,0.0,0.0003,0.0010374784469604492,-0.0016692358585714828,0.2,2550,2.476735971868038e-09,745.0479547023773,136.8489227294922
-400.0,2,722,4096,200.0,5,0.0,0.0,0.0003,0.0010293126106262207,-0.0006969673651838093,0.2,2510,-1.0580697562545538e-08,698.556795501709,157.4801025390625
-400.0,3,670,6144,200.0,9,0.0,0.0,0.0003,0.0009443759918212891,-0.0006700178247228905,0.2,2520,-6.984919309616089e-11,701.0249411106109,380.37176513671875
-400.0,4,650,8192,200.0,12,0.0,0.0,0.0003,0.000944972038269043,-0.0006704061962409469,0.2,2530,1.363514456897974e-09,701.9081823349,345.01934814453125
-400.0,5,636,10240,200.0,16,0.0,0.0,0.0003,0.0009385943412780762,-0.0006710707563797769,0.2,2540,1.4173565432429314e-09,703.5297960281372,301.5047302246094
-400.0,1,922,2048,200.0,2,0.0,0.0,0.0003,0.0010410547256469727,-0.0006928194664396869,0.2,2550,-1.7338606994599105e-09,744.0156955242157,328.37841796875
-400.0,2,729,4096,200.0,5,0.0,0.0,0.0003,0.0010292530059814453,-0.0016703235123713966,0.2,2560,5.585025064647198e-09,698.8471967220306,594.9822998046875
-400.0,3,677,6144,200.0,9,0.00024557608,0.000439453125,0.0003,0.0009442567825317383,-0.0011217601791031484,0.2,2570,-3.538065866450779e-05,700.0629218578339,166.10780334472656
-400.0,4,656,8192,200.0,12,1.6031874e-05,0.000244140625,0.0003,0.0009444952011108398,-0.0010561483863966714,0.2,2580,-2.9998083482496442e-05,699.1423220157624,395.87841796875
-400.0,5,647,10240,200.0,15,2.910383e-10,0.0,0.0003,0.0009378194808959961,-0.001049984014207439,0.2,2590,6.417394615709782e-09,701.393412566185,358.2506103515625
-400.0,1,933,2048,200.0,2,1.7462298e-10,0.0,0.0003,0.0010377764701843262,-0.0011212396326300222,0.2,2600,1.1631345842033624e-08,743.3092120170593,319.1021728515625
-400.0,2,733,4096,200.0,5,2.4720794e-07,0.0,0.0003,0.0011343955993652344,-0.0007239030476739571,0.2,2560,3.2768803066574036e-07,698.9197974681854,564.8179931640625
-400.0,3,677,6144,200.0,9,0.0,0.0,0.0003,0.0009452700614929199,-0.0006591988852051144,0.2,2570,-4.870380507782102e-08,698.8781716823578,223.63551330566406
-400.0,4,651,8192,200.0,12,0.00022758986,0.000439453125,0.0003,0.0009449124336242676,-0.0008493391626871016,0.2,2580,-0.00015610868504154496,700.8420571804047,461.9854431152344
-400.0,5,639,10240,200.0,16,0.0,0.0,0.0003,0.0009386539459228516,-0.0008678607926412951,0.2,2590,-3.992317942902446e-09,700.9112473011016,518.236083984375
-400.0,1,945,2048,200.0,2,0.0,0.0,0.0003,0.0010326504707336426,-0.0008902511395717738,0.2,2600,-1.3526732800528406e-08,741.5394350528717,278.84686279296875
-400.0,2,738,4096,200.0,5,7.858034e-10,0.0,0.0003,0.0010293126106262207,-0.0011337825360897113,0.2,2610,1.1829251889139414e-08,698.7667852401734,330.7118835449219
-400.0,3,666,6144,200.0,9,5.820766e-10,0.0,0.0003,0.0009442567825317383,-0.0010755081460047222,0.2,2620,-3.5925040720030665e-08,699.4042080879211,442.3674621582031
-400.0,4,644,8192,200.0,12,0.0,0.0,0.0003,0.0009443759918212891,-0.001082022504397173,0.2,2630,4.822504706680774e-09,700.5075338840485,316.2399597167969
-400.0,5,627,10240,200.0,16,0.0,0.0,0.0003,0.0009376406669616699,-0.0010816454185260227,0.2,2640,1.028529368340969e-08,703.0272404670716,174.3499755859375
-400.0,1,923,2048,200.0,2,3.2014214e-10,0.0,0.0003,0.0011417269706726074,-0.001156532319055259,0.2,2650,1.6232661437243223e-08,744.9521000862121,529.3248901367188
-400.0,2,723,4096,200.0,5,0.0,0.0,0.0003,0.001029670238494873,-0.0008932623128202977,0.2,2610,-2.393790055066347e-10,698.0817385196685,487.74432373046875
-400.0,3,675,6144,200.0,9,0.0,0.0,0.0003,0.0009450912475585938,-0.0008725776551727904,0.2,2620,-3.9945007301867007e-10,698.8908520460129,392.3034973144531
-400.0,4,655,8192,200.0,12,0.0,0.0,0.0003,0.0009455084800720215,-0.0008728517190320417,0.2,2630,6.686605047434569e-10,699.2704323530197,810.5244750976562
-400.0,5,641,10240,200.0,15,0.0,0.0,0.0003,0.0009384751319885254,-0.0008716052723684697,0.2,2640,-5.046604201197624e-09,701.5736368179321,378.317138671875
-400.0,1,916,2048,200.0,2,0.0,0.0,0.0003,0.0010406970977783203,-0.0008915905837056926,0.2,2650,-3.4458935260772707e-09,742.5174548625946,239.1376953125
-400.0,2,732,4096,200.0,5,3.3451943e-05,0.000390625,0.0003,0.0011328458786010742,-0.0011287275575341481,0.2,2660,-3.6202691262587905e-06,700.5232276916504,320.6210021972656
-400.0,3,682,6144,200.0,9,0.0,0.0,0.0003,0.0009440183639526367,-0.000997829180141707,0.2,2670,-9.450741345062853e-09,702.3229183673859,304.50469970703125
-400.0,4,665,8192,200.0,12,3.783498e-10,0.0,0.0003,0.0009440183639526367,-0.001003966042662796,0.2,2680,-5.8083969634026286e-09,702.4235634326935,269.2880554199219
-400.0,5,653,10240,200.0,15,0.0,0.0,0.0003,0.0010405182838439941,-0.0010073728458337428,0.2,2690,5.02623151987791e-09,702.3166443347931,271.4515380859375
-400.0,1,947,2048,200.0,2,0.0,0.0,0.0003,0.0011422038078308105,-0.0010663131102774059,0.2,2700,4.9811205826699735e-09,743.8478908061982,644.6265869140625
-400.0,2,750,4096,200.0,5,3.2014214e-10,0.0,0.0003,0.0010185837745666504,-0.0008977997755209799,0.2,2660,-3.3291871659457686e-08,700.224765586853,369.5750732421875
-400.0,3,698,6144,200.0,8,9.119202e-05,0.000341796875,0.0003,0.0010398030281066895,-0.0008474820777337299,0.2,2670,-3.2900796213652937e-06,702.066858625412,199.13365173339844
-400.0,4,675,8192,200.0,12,0.0,0.0,0.0003,0.0009451508522033691,-0.0008132770259180689,0.2,2680,4.147295840084553e-10,702.1171277046203,486.5755310058594
-400.0,5,664,10240,200.0,15,0.0,0.0,0.0003,0.0009386539459228516,-0.0008132516879413743,0.2,2690,-1.9033905118703844e-09,703.2112618923187,339.6170654296875
-400.0,1,901,2048,200.0,2,0.0,0.0,0.0003,0.0011007189750671387,-0.0008286410111395526,0.2,2700,-9.371433407068253e-10,745.3900127410889,317.24896240234375
-400.0,2,720,4096,200.0,5,7.583236e-06,4.8828125e-05,0.0003,0.0011327862739562988,-0.0011391597018700849,0.2,2710,-2.048327587544918e-07,700.2942516326905,272.0765686035156
-400.0,3,671,6144,200.0,9,2.910383e-10,0.0,0.0003,0.0009442567825317383,-0.0009616827371246473,0.2,2720,-4.580942913889885e-09,700.1782814741134,430.7645568847656
-400.0,4,642,8192,200.0,12,2.385932e-06,4.8828125e-05,0.0003,0.0010480284690856934,-0.001046217765451729,0.2,2730,2.361425868002698e-06,700.5974304914474,338.09954833984375
-400.0,5,627,10240,200.0,16,8.731149e-10,0.0,0.0003,0.0009374618530273438,-0.0010030037818069104,0.2,2740,6.52798917144537e-09,703.8684351444244,395.8594055175781
-400.0,1,915,2048,200.0,2,0.0,0.0,0.0003,0.00103759765625,-0.001065367190494726,0.2,2750,-2.5851477403193713e-09,745.8962907314301,124.75465393066406
-400.0,2,719,4096,200.0,5,0.0,0.0,0.0003,0.0010299086570739746,-0.0008285099765998893,0.2,2710,-8.58708517625928e-09,700.509726023674,206.49755859375
-400.0,3,665,6144,200.0,9,0.0,0.0,0.0003,0.001008450984954834,-0.0008127897124722949,0.2,2720,3.5070115700364115e-10,700.9843513965607,235.44198608398438
-400.0,4,637,8192,200.0,12,0.0,0.0,0.0003,0.0009444952011108398,-0.0008126187876769109,0.2,2730,1.2601958587765693e-09,702.6207886219024,619.5611572265625
-400.0,5,624,10240,200.0,16,0.0,0.0,0.0003,0.0009380578994750977,-0.0008122461733364617,0.2,2740,-4.102184902876615e-09,704.6473023414612,383.3428955078125
-400.0,1,906,2048,200.0,2,0.0,0.0,0.0003,0.0010395050048828125,-0.0008265407630460686,0.2,2750,7.930793799459934e-10,747.2554422855377,178.6864013671875
-400.0,2,712,4096,200.0,5,2.910383e-10,0.0,0.0003,0.0010291337966918945,-0.0010698414867874816,0.2,2760,-1.0637450031936168e-09,701.7464142799378,291.2176208496094
-400.0,3,654,6144,200.0,9,0.0,0.0,0.0003,0.0009437203407287598,-0.001010275287899276,0.2,2770,1.1906377039849759e-08,703.6422430515289,168.71316528320312
-400.0,4,634,8192,200.0,12,1.8990628e-05,0.000390625,0.0003,0.0010474324226379395,-0.0010046757909549342,0.2,2780,3.7086225347593428e-06,704.4097507476806,353.297119140625
-400.0,5,622,10240,200.0,16,6.693881e-10,0.0,0.0003,0.0009376406669616699,-0.0009681230450951262,0.2,2790,9.037466952577233e-08,704.5298898220062,417.1207275390625
-400.0,1,929,2048,200.0,2,2.3574103e-09,0.0,0.0003,0.0010369420051574707,-0.0010315008285942894,0.2,2800,-1.2195960152894259e-08,749.6099701404571,146.01988220214844
-400.0,2,734,4096,200.0,5,5.152251e-06,9.765625e-05,0.0003,0.0011343955993652344,-0.0008323996891704156,0.2,2760,2.16463377000764e-06,701.4973190784455,353.0758056640625
-400.0,3,674,6144,200.0,9,0.0,0.0,0.0003,0.0009444355964660645,-0.0007902712421127944,0.2,2770,-3.3207470551133154e-09,701.0419448852539,237.71043395996094
-400.0,4,649,8192,200.0,12,0.0,0.0,0.0003,0.0009453892707824707,-0.0007903489109594375,0.2,2780,-2.7212081477046013e-09,700.2199485301971,181.70242309570312
-400.0,5,639,10240,200.0,16,8.88051e-06,0.000146484375,0.0003,0.0010967850685119629,-0.0008087748294201447,0.2,2790,-4.262872607796453e-07,699.5293596744538,231.43190002441406
-400.0,1,924,2048,200.0,2,0.0,0.0,0.0003,0.0010399222373962402,-0.0008153927670718986,0.2,2800,3.3760443329811095e-10,742.0869070768356,494.10028076171875
-400.0,2,734,4096,200.0,5,3.2014214e-10,0.0,0.0003,0.0011246800422668457,-0.001046214136567869,0.2,2810,3.3322430681437255e-08,702.1869990825653,166.94876098632812
-400.0,3,684,6144,200.0,8,2.910383e-10,0.0,0.0003,0.0010477900505065918,-0.000997289712086058,0.2,2820,4.41454176325351e-08,701.9716988563538,541.5325317382812
-400.0,4,659,8192,200.0,12,0.0,0.0,0.0003,0.0009440183639526367,-0.0009963866633370343,0.2,2830,-3.026798367500305e-09,703.915323972702,479.2061462402344
-400.0,5,642,10240,200.0,15,0.0,0.0,0.0003,0.0009374022483825684,-0.0009986085182390526,0.2,2840,8.649658411741256e-09,705.5599144697189,231.43797302246094
-400.0,1,913,2048,200.0,2,7.2759576e-10,0.0,0.0003,0.0010374784469604492,-0.0010628749453644559,0.2,2850,-2.8648355510085822e-08,747.0539286613464,361.0017395019531
-400.0,2,695,4096,200.0,5,0.0,0.0,0.0003,0.001029670238494873,-0.0008146456319082062,0.2,2810,-2.5480403564870357e-09,698.2105555534363,415.7482604980469
-400.0,3,641,6144,200.0,9,0.0,0.0,0.0003,0.0009444952011108398,-0.0008002894146557082,0.2,2820,1.229636836796999e-09,700.0082534790039,396.2171936035156
