time/time_elapsed,time/fps,time/total_timesteps,time/iterations,rollout/ep_len_mean,rollout/ep_rew_mean,train/policy_gradient_loss,train/value_loss,train/n_updates,train/entropy_loss,train/loss,train/approx_kl,train/learning_rate,train/clip_fraction,train/clip_range,train/explained_variance
2,894,2048,1,200.0,-666.0,,,,,,,,,,
5,703,4096,2,200.0,-558.5,-0.008023962909646798,4101.743224334717,10,-2.4817290298640726,1590.02685546875,0.0077817407,0.0003,0.011328125,0.2,0.0018053650856018066
9,658,6144,3,200.0,-546.3333333333334,-0.008405810853582807,3446.1592308044433,20,-2.464436163753271,1553.0919189453125,0.010334376,0.0003,0.03720703125,0.2,0.1424732804298401
12,642,8192,4,200.0,-553.5,-0.014517480540962423,3577.2507751464846,30,-2.4304000310599805,2089.64501953125,0.013176102,0.0003,0.104443359375,0.2,0.16492938995361328
16,626,10240,5,200.0,-541.1764705882352,-0.007433678176312242,2673.906904220581,40,-2.4089482173323633,1401.8193359375,0.011552475,0.0003,0.046630859375,0.2,0.35909056663513184
2,906,2048,1,200.0,-1951.0,-0.009913944224535953,2477.2241550445556,50,-2.3997579634189607,949.349853515625,0.01163714,0.0003,0.06015625,0.2,0.27596861124038696
5,704,4096,2,200.0,-1953.5,-0.0048825271034729665,23893.92138671875,10,-2.483795853704214,11211.015625,0.0031557782,0.0003,0.0001953125,0.2,0.0001545548439025879
9,656,6144,3,200.0,-1879.3333333333333,-0.004624373477417976,24759.55162963867,20,-2.4790112495422365,12338.2080078125,0.0034882901,0.0003,0.0,0.2,-2.9087066650390625e-05
12,634,8192,4,200.0,-1879.25,-0.004861650970997289,19650.05743408203,30,-2.4675412543118,8966.46484375,0.0048169745,0.0003,0.01220703125,0.2,-9.5367431640625e-06
16,620,10240,5,200.0,-1811.764705882353,-0.011378517124103382,21449.49010925293,40,-2.44471215903759,9424.7578125,0.01000048,0.0003,0.056689453125,0.2,-5.4836273193359375e-06
2,905,2048,1,200.0,-303.0,-0.0070246013972791845,16026.490911865234,50,-2.4201932840049265,8220.9970703125,0.00753936,0.0003,0.051171875,0.2,-3.814697265625e-06
5,715,4096,2,200.0,-335.0,-0.007754678450874053,1791.5765754699707,60,-2.412352318316698,993.3181762695312,0.009548528,0.0003,0.03759765625,0.2,0.24600660800933838
9,668,6144,3,200.0,-341.6666666666667,-0.008397037762915716,1710.2805967330933,70,-2.4079773046076296,749.3720092773438,0.0088270735,0.0003,0.037109375,0.2,0.4499087333679199
12,648,8192,4,200.0,-340.75,-0.013402855010644999,1426.4431344985962,80,-2.3977943651378153,779.9639282226562,0.011675952,0.0003,0.078466796875,0.2,0.44031065702438354
16,636,10240,5,200.0,-342.15686274509807,-0.007199306065740529,1545.0522159576417,90,-2.371599765866995,835.4717407226562,0.008030274,0.0003,0.039990234375,0.2,0.5245063304901123
2,914,2048,1,200.0,-1541.0,-0.009850230145093519,1496.9637559890748,100,-2.346897680312395,482.11968994140625,0.010810013,0.0003,0.07705078125,0.2,0.43740999698638916
5,720,4096,2,200.0,-1525.5,-0.01212860443192767,15023.072546386718,60,-2.3848822437226773,7453.66357421875,0.011315206,0.0003,0.0751953125,0.2,-3.0994415283203125e-06
9,675,6144,3,200.0,-1511.6666666666667,-0.013654818432405591,13972.494924926757,70,-2.3284252509474754,6919.07177734375,0.0131030055,0.0003,0.0873046875,0.2,-1.0728836059570312e-06
12,653,8192,4,200.0,-1470.75,-0.01466824825402,11937.592504882812,80,-2.2565891206264497,5799.40283203125,0.016037215,0.0003,0.09697265625,0.2,-1.1920928955078125e-07
15,640,10240,5,200.0,-1391.9607843137255,-0.010632002416241449,9153.220806884765,90,-2.154895331710577,3727.49609375,0.013259236,0.0003,0.082275390625,0.2,-5.960464477539062e-07
2,901,2048,1,200.0,-262.0,-0.01270967691380065,7140.468696594238,100,-2.022519548237324,3544.23828125,0.01287753,0.0003,0.09921875,0.2,-8.344650268554688e-07
5,709,4096,2,200.0,-327.0,-0.010379671508417232,1365.8024942398072,110,-2.330528962612152,466.4100036621094,0.00938245,0.0003,0.06650390625,0.2,0.2600020170211792
9,660,6144,3,200.0,-291.3333333333333,-0.010559922221000306,955.7796524047851,120,-2.3026343882083893,360.5093994140625,0.011061716,0.0003,0.0658203125,0.2,0.4457660913467407
12,639,8192,4,200.0,-290.25,-0.007343854357895907,1328.7171754837036,130,-2.294085619598627,482.54376220703125,0.0077008344,0.0003,0.033837890625,0.2,0.3319510817527771
16,627,10240,5,200.0,-291.5686274509804,-0.008164044555451255,1001.6784226417542,140,-2.2644805327057838,354.157470703125,0.008925004,0.0003,0.053515625,0.2,0.3775298595428467
2,876,2048,1,200.0,-1064.0,-0.009513657189381774,977.7065533638,150,-2.2837725460529326,566.004638671875,0.008557539,0.0003,0.067138671875,0.2,0.3671344518661499
5,701,4096,2,200.0,-1032.0,-0.012217048123420681,6539.140092468262,110,-1.892813177779317,2849.18359375,0.011986855,0.0003,0.116259765625,0.2,-8.344650268554688e-07
9,659,6144,3,200.0,-953.3333333333334,-0.007190579970483668,6263.992883300782,120,-1.8597763448953628,2857.58837890625,0.007479277,0.0003,0.03798828125,0.2,-8.344650268554688e-07
12,639,8192,4,200.0,-947.75,-0.010768124328751582,3945.0661743164064,130,-1.8486708730459214,2197.193603515625,0.013605603,0.0003,0.144189453125,0.2,-5.960464477539062e-07
16,628,10240,5,200.0,-903.1372549019608,-0.00904543453725637,4733.824947357178,140,-1.7300398308783769,3021.0380859375,0.01030601,0.0003,0.079296875,0.2,-2.384185791015625e-07
2,878,2048,1,200.0,-309.0,-0.010281806720013265,3552.4230407714845,150,-1.6097754642367363,1653.799072265625,0.0106266085,0.0003,0.102392578125,0.2,-2.384185791015625e-07
5,705,4096,2,200.0,-313.0,-0.00952431133191567,672.2442514419556,160,-2.2758526682853697,200.9805450439453,0.0108105885,0.0003,0.09453125,0.2,0.5021135807037354
9,660,6144,3,200.0,-296.0,-0.009916989778866991,842.8664229393005,170,-2.2309315390884876,285.8839111328125,0.009205744,0.0003,0.047412109375,0.2,0.4872387647628784
12,640,8192,4,200.0,-256.25,-0.00826173991736141,1040.7677454948425,180,-2.2028174452483653,341.12005615234375,0.008953249,0.0003,0.03994140625,0.2,0.49856072664260864
16,630,10240,5,200.0,-249.01960784313727,-0.0060677803347061856,1144.0599533081054,190,-2.1654055155813694,391.8345642089844,0.006540346,0.0003,0.019482421875,0.2,0.5961214900016785
2,885,2048,1,200.0,-532.0,-0.00885268007259583,1380.9787034988403,200,-2.2158875919878485,630.0692138671875,0.0063092676,0.0003,0.04609375,0.2,0.5449782609939575
5,716,4096,2,200.0,-534.0,-0.009944773241295479,2942.733330154419,160,-1.5082203879952432,1307.116943359375,0.009227506,0.0003,0.18115234375,0.2,-2.384185791015625e-07
9,677,6144,3,200.0,-510.3333333333333,0.002974911385535961,2432.005884170532,170,-1.3442357074469329,914.5122680664062,0.018590247,0.0003,0.1990234375,0.2,-2.384185791015625e-07
12,651,8192,4,200.0,-486.5,0.0033202281942067203,2230.57470664978,180,-1.3017670702189208,1386.965576171875,0.01066454,0.0003,0.144140625,0.2,-1.1920928955078125e-07
15,641,10240,5,200.0,-433.52941176470586,-0.00398885186878033,1940.606219291687,190,-1.0312982054427267,1055.401611328125,0.009261373,0.0003,0.09287109375,0.2,-1.1920928955078125e-07
2,935,2048,1,200.0,-195.0,-0.002570717463095207,2649.8733880996706,200,-1.0654744394123554,1818.8668212890625,0.011380002,0.0003,0.049560546875,0.2,0.0
5,725,4096,2,200.0,-141.0,-0.01173863568546949,852.9174492835998,210,-2.261735375970602,238.47998046875,0.01133178,0.0003,0.114404296875,0.2,0.38168561458587646
9,680,6144,3,200.0,-171.66666666666666,-0.010578595112019685,1257.1049184799194,220,-2.2606721207499505,583.7839965820312,0.010087548,0.0003,0.060302734375,0.2,0.4597824215888977
12,658,8192,4,200.0,-186.25,-0.00960324819534435,966.1572381019593,230,-2.1965902149677277,365.031982421875,0.009930801,0.0003,0.050390625,0.2,0.5531719326972961
15,647,10240,5,200.0,-177.45098039215685,-0.009775102980347583,1092.0044139862061,240,-2.2029585376381875,619.7907104492188,0.007887762,0.0003,0.054296875,0.2,0.4742332100868225
2,917,2048,1,200.0,-315.0,-0.008769424539786996,1606.5080265045167,250,-2.1753137201070785,595.8472290039062,0.008285016,0.0003,0.036572265625,0.2,0.5022981762886047
5,730,4096,2,200.0,-284.5,-0.0003107627431745641,2874.478930282593,210,-1.1716735053807497,1364.0592041015625,0.014208442,0.0003,0.113330078125,0.2,5.960464477539063e-08
8,686,6144,3,200.0,-194.0,-0.00262561315757921,2764.367788696289,220,-1.0016158912330866,1749.0858154296875,0.004175308,0.0003,0.13583984375,0.2,1.1920928955078125e-07
12,665,8192,4,200.0,-221.0,6.761062832083553e-06,1782.3628335952758,230,-1.0178036795929075,645.9363403320312,0.00021090265,0.0003,0.0,0.2,0.0012567639350891113
15,652,10240,5,200.0,-200.58823529411765,-0.0005672735715052113,869.8170331001281,240,-1.0221506031230092,413.5327453613281,0.00017339532,0.0003,0.0,0.2,0.5597525835037231
2,940,2048,1,200.0,28.0,-0.00039849422537372445,1185.2122104644775,250,-1.0193381860852242,399.1124572753906,7.9311954e-05,0.0003,0.0,0.2,0.642216682434082
5,737,4096,2,200.0,-51.5,-0.008861674471700099,1646.7325504302978,260,-2.174363398551941,686.8511962890625,0.0084193535,0.0003,0.04814453125,0.2,0.5955235958099365
9,681,6144,3,200.0,-66.33333333333333,-0.010393156626378186,1498.8934661865235,270,-2.1403733760118486,561.6852416992188,0.011468288,0.0003,0.072119140625,0.2,0.5124584436416626
12,659,8192,4,200.0,-43.25,-0.008784179475333076,1372.3367394447328,280,-2.1352068573236465,589.669921875,0.010489717,0.0003,0.040771484375,0.2,0.5336558818817139
15,651,10240,5,200.0,5.882352941176471,-0.006665251353115309,2388.9709392547607,290,-2.102264656871557,535.109375,0.008793179,0.0003,0.03642578125,0.2,0.5861186385154724
2,961,2048,1,200.0,-49.0,-0.009111249615671113,3680.7166175842285,300,-2.0612875275313853,1165.480224609375,0.010381975,0.0003,0.0369140625,0.2,0.5793846845626831
5,750,4096,2,200.0,-43.0,-0.00021348574227886274,1715.7332067489624,260,-0.9653908407315612,699.173583984375,7.496713e-05,0.0003,0.0,0.2,0.6287491321563721
8,702,6144,3,200.0,-26.333333333333332,-0.00034860062078223564,2240.604429244995,270,-0.9565663561224937,740.0318603515625,5.2809453e-05,0.0003,0.0,0.2,0.5699500441551208
12,680,8192,4,200.0,-52.5,-0.0004508713333052583,3428.886754608154,280,-0.9870278373360634,1354.0994873046875,8.0211146e-05,0.0003,0.0,0.2,0.6830501556396484
15,669,10240,5,200.0,-62.549019607843135,-0.0007672469531826209,1974.4484533309937,290,-1.0324684662744403,410.5433349609375,0.00044015778,0.0003,0.0,0.2,0.6705540418624878
2,911,2048,1,200.0,179.0,-0.00019843330956064164,2491.410922431946,300,-1.0337644644081592,953.2945556640625,4.2408414e-05,0.0003,0.0,0.2,0.6791739463806152
5,737,4096,2,200.0,160.5,-0.01030153079482261,3789.0672019958497,310,-1.9310529340058564,777.835693359375,0.011282524,0.0003,0.072119140625,0.2,0.5968043208122253
8,694,6144,3,200.0,177.33333333333334,-0.006701819796580822,4115.702624511719,320,-1.9256081078201532,1322.5242919921875,0.0067879157,0.0003,0.0234375,0.2,0.5705038905143738
12,663,8192,4,200.0,177.25,-0.007556769734947011,4306.615573501587,330,-1.944695197045803,2275.195556640625,0.0059004575,0.0003,0.04072265625,0.2,0.4442046284675598
15,641,10240,5,200.0,199.01960784313727,-0.00446525912557263,3364.3548126220703,340,-1.9612411484122276,1359.2691650390625,0.0043886867,0.0003,0.0181640625,0.2,0.5776141881942749
2,912,2048,1,200.0,-15.0,-0.006624335375090595,3657.5141628265383,350,-1.9087462652474643,1400.35400390625,0.00905342,0.0003,0.034619140625,0.2,0.6013979911804199
5,707,4096,2,200.0,113.0,-0.0010307289921911433,2635.015293121338,310,-0.996523567289114,1479.4632568359375,0.0006742579,0.0003,0.000341796875,0.2,0.5249356031417847
9,658,6144,3,200.0,78.0,-0.0007642219250556081,4293.052638626099,320,-1.0595224872231483,1973.5234375,0.00045702633,0.0003,0.0,0.2,0.6776590347290039
12,634,8192,4,200.0,123.0,-0.0007223572079965379,1882.1138429641724,330,-1.076871921122074,682.9874267578125,0.00011629291,0.0003,0.0,0.2,0.6846725940704346
16,622,10240,5,200.0,193.72549019607843,-0.0001690980832790956,5339.505841064453,340,-1.073154156655073,3029.97119140625,1.6075966e-05,0.0003,0.0,0.2,0.536241888999939
2,898,2048,1,200.0,240.0,-0.0010679235536372289,5762.778482818603,350,-1.0635259434580804,2275.56494140625,0.00049531786,0.0003,0.001904296875,0.2,0.5666401386260986
5,701,4096,2,200.0,364.0,-0.006937654959619977,4400.933392715454,360,-1.83947797678411,1956.5140380859375,0.0068900846,0.0003,0.033642578125,0.2,0.4272283911705017
9,661,6144,3,200.0,409.3333333333333,-0.009575915000459645,5424.755390930176,370,-1.8281347580254077,2373.529052734375,0.008549889,0.0003,0.048583984375,0.2,0.42976289987564087
12,644,8192,4,200.0,412.75,-0.005534560565138236,6606.374002075196,380,-1.7668883420526982,3326.298828125,0.00590666,0.0003,0.0203125,0.2,0.31070858240127563
16,634,10240,5,200.0,389.4117647058824,-0.0044347861694404855,5832.961456298828,390,-1.7058505959808827,3015.494140625,0.0049350453,0.0003,0.015478515625,0.2,0.5232440233230591
2,932,2048,1,200.0,721.0,-0.004966309093288146,4957.827458190918,400,-1.6445807043462992,2029.514404296875,0.006672485,0.0003,0.030224609375,0.2,0.4937365651130676
5,731,4096,2,200.0,453.5,-0.0007364019445958547,7900.015042877198,360,-1.097602417320013,2793.762451171875,0.0002662077,0.0003,0.0,0.2,0.4930505156517029
9,679,6144,3,200.0,483.6666666666667,-0.001345231113373302,4499.050467681885,370,-1.0593826549127698,1683.1512451171875,0.0005793415,0.0003,0.00185546875,0.2,0.41546666622161865
12,656,8192,4,200.0,449.0,-0.0019117501200526022,6959.361058807373,380,-1.1318843442946673,2927.451171875,0.0019472383,0.0003,0.01142578125,0.2,0.47507935762405396
15,643,10240,5,200.0,393.3333333333333,-0.0014716267221956513,5223.954888153076,390,-1.08731302767992,3218.208251953125,0.001951112,0.0003,0.0001953125,0.2,0.15702426433563232
2,910,2048,1,200.0,599.0,-0.0006065064888389315,3884.9832595825196,400,-1.0730822082608937,2210.163818359375,0.0001975981,0.0003,0.0,0.2,0.42943674325942993
5,705,4096,2,200.0,636.5,-0.0048360845205024814,6430.669623565674,410,-1.6334206357598304,2945.433349609375,0.006852585,0.0003,0.019580078125,0.2,0.41126251220703125
9,655,6144,3,200.0,670.6666666666666,-0.006981806119438261,6762.671270751953,420,-1.559704502671957,3558.5234375,0.0091527095,0.0003,0.032177734375,0.2,0.4232293963432312
12,635,8192,4,200.0,663.0,-0.0036829567565291655,9386.15082244873,430,-1.5313468161970376,5499.66845703125,0.0039190417,0.0003,0.01884765625,0.2,0.4244322180747986
16,620,10240,5,200.0,699.0196078431372,-0.004565994397853501,5920.905082702637,440,-1.548283015936613,2417.1923828125,0.007050167,0.0003,0.039794921875,0.2,0.39187854528427124
2,878,2048,1,200.0,639.0,-0.009028238298196812,9208.257650756836,450,-1.536626909673214,3774.96728515625,0.007947326,0.0003,0.059521484375,0.2,0.3492869734764099
5,695,4096,2,200.0,626.0,-0.0017392123510944657,8416.253604888916,410,-1.0909285720437765,3403.57373046875,0.0011025785,0.0003,0.006298828125,0.2,0.4326266050338745
9,648,6144,3,200.0,722.3333333333334,-0.004136871118680574,6966.985025787353,420,-1.181680489704013,3740.0849609375,0.0050808345,0.0003,0.01669921875,0.2,0.36987215280532837
12,631,8192,4,200.0,766.0,-0.0009571393718942999,9999.032272338867,430,-1.1314314022660255,4810.58984375,0.0012403604,0.0003,0.00029296875,0.2,0.2865324020385742
16,629,10240,5,200.0,763.5294117647059,-0.0018580742049380205,9326.873718261719,440,-1.106348580121994,4090.55810546875,0.0024413252,0.0003,0.004052734375,0.2,0.2772568464279175
2,939,2048,1,200.0,941.0,-0.002924291426461423,7641.256854248047,450,-1.088980939425528,4760.01318359375,0.003244133,0.0003,0.01494140625,0.2,0.39177805185317993
5,743,4096,2,200.0,984.0,-0.0064132509884075265,9848.223687744141,460,-1.4806906260550021,5266.84521484375,0.007300684,0.0003,0.0408203125,0.2,0.2969588041305542
8,694,6144,3,200.0,904.0,-0.010405107229598799,9916.479450988769,470,-1.4858980771154164,4248.8134765625,0.009853337,0.0003,0.087451171875,0.2,0.27296340465545654
12,664,8192,4,200.0,972.5,-0.006295919102558401,7432.0201614379885,480,-1.498088302835822,4437.32666015625,0.0071485694,0.0003,0.0462890625,0.2,0.33529675006866455
15,653,10240,5,200.0,991.3725490196078,-0.004858709500695113,11223.944618225098,490,-1.481021435186267,5485.99658203125,0.0066052815,0.0003,0.0369140625,0.2,0.27883630990982056
2,931,2048,1,200.0,780.0,-0.005624114055535756,10263.061946105958,500,-1.439600084722042,4879.65771484375,0.0048901686,0.0003,0.01708984375,0.2,0.2141825556755066
5,739,4096,2,200.0,673.5,-0.005193310094182379,7696.596355438232,460,-1.1534982424229383,3442.146728515625,0.009730232,0.0003,0.03408203125,0.2,0.3278384804725647
8,690,6144,3,200.0,832.3333333333334,-0.008388858888065443,7996.107511901855,470,-1.1204941738396883,3463.125244140625,0.014231348,0.0003,0.0798828125,0.2,0.4152090549468994
12,655,8192,4,200.0,961.75,-0.0027757336763897912,11431.188822937012,480,-1.1201301235705614,4295.86865234375,0.0034599055,0.0003,0.023095703125,0.2,0.3734629154205322
15,645,10240,5,200.0,944.1176470588235,-0.004372097987652523,10610.130137634278,490,-1.0315708482638002,6021.51953125,0.004919201,0.0003,0.03212890625,0.2,0.24945282936096191
2,891,2048,1,200.0,1278.0,-0.0022848144290037453,10024.922396850587,500,-1.0302238473668694,4713.42529296875,0.002241451,0.0003,0.009521484375,0.2,0.251457154750824
5,697,4096,2,200.0,1423.0,-0.00910723189736018,11776.644229125977,510,-1.363508826866746,5909.02978515625,0.008239254,0.0003,0.07255859375,0.2,0.3630944490432739
9,651,6144,3,200.0,1259.6666666666667,-0.006804811998154037,13790.48941040039,520,-1.2859793204814196,6867.474609375,0.007752275,0.0003,0.04716796875,0.2,0.056309401988983154
12,631,8192,4,200.0,1215.75,-0.004057581693632528,10511.822972106933,530,-1.3832962807267903,4480.38037109375,0.005795814,0.0003,0.048828125,0.2,0.030453026294708252
16,619,10240,5,200.0,1332.7450980392157,-0.009114279929781333,12395.514166259765,540,-1.2511857580393553,6411.71142578125,0.0080242455,0.0003,0.074462890625,0.2,0.04658091068267822
2,875,2048,1,200.0,1480.0,-0.005457916209707037,15359.559146118165,550,-1.1902506835758686,6833.89013671875,0.005487213,0.0003,0.045556640625,0.2,0.10959839820861816
5,708,4096,2,200.0,1221.5,-0.0071358995497575965,13650.108308410645,510,-1.0018379364162684,8672.369140625,0.009676252,0.0003,0.090185546875,0.2,0.39444637298583984
9,652,6144,3,200.0,1252.0,-0.0035432428092462944,10409.34376220703,520,-1.0083144227042795,4061.072509765625,0.005484863,0.0003,0.02236328125,0.2,0.3238864541053772
12,633,8192,4,200.0,1258.0,-0.006676734461507294,12930.109765625,530,-0.9036883698776365,6645.650390625,0.011974816,0.0003,0.0658203125,0.2,0.2504785656929016
16,620,10240,5,200.0,1258.4313725490197,-0.0039162515524367334,12169.01242980957,540,-0.8571193773299456,5144.1142578125,0.0048747407,0.0003,0.030615234375,0.2,0.33672451972961426
2,869,2048,1,200.0,1632.0,-0.0014960928172513376,13755.43970336914,550,-0.9589644432067871,5361.11328125,0.0022847708,0.0003,0.01201171875,0.2,0.40981465578079224
5,703,4096,2,200.0,1536.5,-0.007834760783589445,15145.257290649413,560,-1.1456961445510387,7002.0234375,0.006504032,0.0003,0.06376953125,0.2,0.09349876642227173
9,650,6144,3,200.0,1637.0,-0.006227948216837831,14555.737216186524,570,-1.1628199558705092,7706.5888671875,0.0072957403,0.0003,0.087548828125,0.2,0.2491123080253601
12,633,8192,4,200.0,1601.5,-0.008949545890209265,16167.351300048827,580,-1.0497732998803257,6750.2919921875,0.0074922433,0.0003,0.079345703125,0.2,0.022629201412200928
16,622,10240,5,200.0,1611.3725490196077,-0.002927325501514133,16877.480221557616,590,-0.9885476095601916,8688.1884765625,0.0037881448,0.0003,0.018994140625,0.2,0.25625544786453247
2,907,2048,1,200.0,1650.0,-0.007864225868252106,17042.645806884764,600,-0.9240389551967383,8190.42236328125,0.006877954,0.0003,0.06650390625,0.2,0.04547762870788574
5,710,4096,2,200.0,1646.5,-0.00404196545277955,16250.903024291993,560,-0.8792930524796247,7847.2802734375,0.009647027,0.0003,0.029833984375,0.2,0.40201640129089355
9,665,6144,3,200.0,1710.6666666666667,-0.0029138974961824713,16001.026333618163,570,-0.7364598043262959,11325.71875,0.002597433,0.0003,0.042919921875,0.2,0.15184426307678223
12,647,8192,4,200.0,1731.25,-0.0033385993381671144,17033.366806030273,580,-0.7930357128381729,7867.32666015625,0.004719891,0.0003,0.03359375,0.2,0.06263774633407593
16,634,10240,5,200.0,1762.549019607843,-0.0026088002712640447,18102.739724731444,590,-0.8580484969541431,9351.875,0.0064302897,0.0003,0.0328125,0.2,0.476448118686676
2,911,2048,1,200.0,1441.0,-0.0017881855106679722,18215.476620483398,600,-0.8201229602098465,8736.796875,0.0025670459,0.0003,0.014208984375,0.2,0.04577904939651489
5,718,4096,2,200.0,1504.5,-0.004085097707866225,14555.136096191407,610,-0.9481446767225862,7700.2041015625,0.0042728633,0.0003,0.0400390625,0.2,0.1567925214767456
9,669,6144,3,200.0,1638.3333333333333,-0.008284010579518507,14694.74226989746,620,-0.8956158921122551,7724.619140625,0.010851964,0.0003,0.096142578125,0.2,0.5209751129150391
12,644,8192,4,200.0,1669.5,-0.0055202497256686914,17279.04087524414,630,-0.8111303934827447,8179.478515625,0.011776069,0.0003,0.12265625,0.2,0.0035048723220825195
16,631,10240,5,200.0,1673.137254901961,-0.0052043006151507145,17648.3470703125,640,-0.8577353700995445,9069.734375,0.008075666,0.0003,0.052685546875,0.2,-1.2159347534179688e-05
2,812,2048,1,200.0,1674.0,-0.004942201981612016,14707.6763671875,650,-0.8526568513363599,8887.189453125,0.0050671543,0.0003,0.048583984375,0.2,0.19496262073516846
6,671,4096,2,200.0,1565.0,-0.0038696121599059554,15366.372351074218,610,-0.927124391309917,9376.5830078125,0.010612161,0.0003,0.062109375,0.2,0.07941347360610962
9,637,6144,3,200.0,1401.3333333333333,-0.002807442468474619,13186.24245300293,620,-0.8373454203829169,7240.99072265625,0.008130076,0.0003,0.027587890625,0.2,0.23059600591659546
13,620,8192,4,200.0,1435.0,-0.0012221343480632641,10600.739115905762,630,-0.9320427015423774,6063.53369140625,0.0010647242,0.0003,0.007177734375,0.2,0.6496601104736328
16,611,10240,5,200.0,1528.235294117647,-0.001911701551580336,15693.433892822266,640,-0.8504848042502999,7424.814453125,0.0016120833,0.0003,0.006982421875,0.2,0.6146976947784424
2,886,2048,1,200.0,1567.0,-0.005262511473847553,16625.05789489746,650,-0.7705503668636083,6610.6064453125,0.008123056,0.0003,0.060400390625,0.2,0.2567943334579468
5,708,4096,2,200.0,1630.0,-0.004330796026624739,15209.294198608399,660,-0.9206322597339749,8581.1171875,0.004920571,0.0003,0.040234375,0.2,0.31405001878738403
9,653,6144,3,200.0,1568.3333333333333,-0.0035919818270485847,14691.62158203125,670,-0.7697212982922792,6277.876953125,0.0074148914,0.0003,0.0552734375,0.2,0.10046637058258057
13,630,8192,4,200.0,1573.25,-0.0048029081604909155,11748.227502441407,680,-0.7557252394035459,6463.72216796875,0.0030899004,0.0003,0.045068359375,0.2,0.47686827182769775
16,620,10240,5,200.0,1656.862745098039,-0.0030795121689152437,16004.20940246582,690,-0.7679039508104324,7295.73876953125,0.004335409,0.0003,0.03134765625,0.2,0.3939266800880432
2,872,2048,1,200.0,1771.0,-0.0038248425044002943,18209.37986755371,700,-0.7254467671737075,8452.3544921875,0.0036419677,0.0003,0.033935546875,0.2,0.13558876514434814
5,690,4096,2,200.0,1775.0,-0.0020764166947628837,16776.88023071289,660,-0.7423954943194986,6888.37158203125,0.0049707144,0.0003,0.0375,0.2,0.3873671293258667
9,644,6144,3,200.0,1858.6666666666667,-0.0018342616051086225,16279.255090332032,670,-0.712349664978683,8690.654296875,0.0041616876,0.0003,0.03564453125,0.2,0.03220701217651367
13,624,8192,4,200.0,1862.75,-0.0019525980998878368,18494.96677246094,680,-0.6896320369094611,8920.46875,0.0047725053,0.0003,0.0435546875,0.2,0.031577467918395996
16,615,10240,5,200.0,1758.235294117647,-0.0026410566220874897,15068.216162109375,690,-0.7017430264502764,5970.07568359375,0.00413315,0.0003,0.020556640625,0.2,0.32547396421432495
2,908,2048,1,200.0,1809.0,-0.003091412604408106,14735.963278198242,700,-0.6236761355772614,6646.17919921875,0.004124997,0.0003,0.03232421875,0.2,0.26896369457244873
5,714,4096,2,200.0,1849.5,-0.0036627881665481253,15767.620486450196,710,-0.6928651304915547,8692.1494140625,0.0064177904,0.0003,0.054150390625,0.2,0.02543044090270996
9,668,6144,3,200.0,1853.0,-0.005632494459860027,16456.161517333985,720,-0.7050885297358036,6645.85986328125,0.009293329,0.0003,0.06767578125,0.2,0.29264456033706665
12,647,8192,4,200.0,1844.5,-0.002885891830374021,16632.149487304687,730,-0.7202980674803257,9143.4287109375,0.0035370027,0.0003,0.02294921875,0.2,0.4553765654563904
16,637,10240,5,200.0,1865.686274509804,-0.002771523610863369,16658.652084350586,740,-0.6552711471915245,7289.91064453125,0.0049185315,0.0003,0.02529296875,0.2,0.34086036682128906
2,925,2048,1,200.0,1310.0,-0.0023055702338751873,17382.282189941405,750,-0.6485036599449814,7039.966796875,0.0018647026,0.0003,0.029736328125,0.2,0.21235424280166626
5,720,4096,2,200.0,1519.0,-0.0017780187241442035,14738.449490356445,710,-0.5962412947788834,6336.5791015625,0.0043929387,0.0003,0.006982421875,0.2,0.5495284795761108
9,675,6144,3,200.0,1626.3333333333333,-0.0025796820322284476,17205.96156616211,720,-0.5446486871689558,8233.896484375,0.0049234014,0.0003,0.033251953125,0.2,0.08524280786514282
12,653,8192,4,200.0,1725.0,-0.005951028922572732,15997.348196411132,730,-0.5045912564732135,7044.2412109375,0.0031973645,0.0003,0.034423828125,0.2,0.36897361278533936
16,638,10240,5,200.0,1755.4901960784314,-0.001359447804861702,17498.352325439453,740,-0.42374190418049695,10665.8544921875,0.0023527308,0.0003,0.020068359375,0.2,0.0348086953163147
2,920,2048,1,200.0,2090.0,-0.00231763396441238,15661.586224365234,750,-0.42592248395085336,6156.1376953125,0.0019289355,0.0003,0.02412109375,0.2,0.3928520679473877
5,721,4096,2,200.0,2046.0,-0.004137239422561834,17065.05964050293,760,-0.6755926681682467,7411.01416015625,0.009805395,0.0003,0.03720703125,0.2,0.00686955451965332
9,650,6144,3,200.0,2022.6666666666667,-0.004651998083863873,17397.849987792968,770,-0.7245126375928521,8208.078125,0.003983464,0.0003,0.036572265625,0.2,0.030125975608825684
12,635,8192,4,200.0,1908.25,-0.0035136170976329596,16543.754913330078,780,-0.7758122529834509,7892.4697265625,0.00914281,0.0003,0.054296875,0.2,0.09674853086471558
16,628,10240,5,200.0,1784.9019607843138,-0.002759536958183162,12895.041925048828,790,-0.8276390662416816,5689.2724609375,0.0042334897,0.0003,0.030029296875,0.2,0.6011343002319336
2,903,2048,1,200.0,2052.0,-0.002947728552680928,15266.698570251465,800,-0.5856864974834025,6798.02978515625,0.0030546654,0.0003,0.03505859375,0.2,0.34301578998565674
5,718,4096,2,200.0,1749.5,-0.003400067645998206,18122.92153930664,760,-0.4599634506739676,9616.703125,0.004663815,0.0003,0.053564453125,0.2,0.027278542518615723
9,679,6144,3,200.0,1637.0,-0.0014853047934593633,13794.961013793945,770,-0.44894225569441915,8260.650390625,0.0012551231,0.0003,0.0115234375,0.2,0.434154212474823
12,662,8192,4,200.0,1618.75,-0.0003165992791764438,13862.426818847656,780,-0.47901038862764833,6403.01416015625,0.0010077953,0.0003,0.00146484375,0.2,0.5802915096282959
15,653,10240,5,200.0,1661.1764705882354,-0.002004865332855843,14569.46476135254,790,-0.50727926697582,6721.39111328125,0.0018227445,0.0003,0.007421875,0.2,0.42102229595184326
2,955,2048,1,200.0,2118.0,-0.0005021463002776727,16351.015032958985,800,-0.44141526995226743,7370.87109375,0.00091636495,0.0003,0.00830078125,0.2,0.14025431871414185
5,748,4096,2,200.0,1935.5,-0.0035265498561784627,17033.200952148436,810,-0.7130119003355503,9634.3955078125,0.0095471125,0.0003,0.057275390625,0.2,0.02756655216217041
8,697,6144,3,200.0,1818.3333333333333,-0.0038822790927952157,15421.290103149415,820,-0.7961520336568355,6703.3427734375,0.004107086,0.0003,0.021630859375,0.2,0.23006606101989746
12,670,8192,4,200.0,1834.25,-0.004561573879618664,15171.38809814453,830,-0.8030125208199024,6034.3203125,0.0046429243,0.0003,0.032080078125,0.2,0.5556117296218872
15,655,10240,5,200.0,1842.3529411764705,-0.0034337425415287724,16237.223269653321,840,-0.6936479445546866,6329.9716796875,0.0038077757,0.0003,0.032666015625,0.2,0.2561873197555542
2,946,2048,1,200.0,1809.0,-0.00362925480294507,17372.117349243163,850,-0.6578516399487853,11648.8759765625,0.0029832814,0.0003,0.02431640625,0.2,0.3060773015022278
5,724,4096,2,200.0,1799.0,-0.0006210950930835679,15855.700018310547,810,-0.3965321877039969,6354.39306640625,0.00033157598,0.0003,0.00859375,0.2,0.5636556148529053
9,669,6144,3,200.0,1823.0,-0.0012093609184375964,15017.885093688965,820,-0.40041623786091807,6842.052734375,0.0021987124,0.0003,0.01416015625,0.2,0.17087584733963013
12,640,8192,4,200.0,1878.25,-0.0003704018661665032,16552.314346313477,830,-0.34766931338235735,9013.2998046875,0.00082578906,0.0003,0.00703125,0.2,0.2681041955947876
16,623,10240,5,200.0,1840.5882352941176,-0.0010433167160954326,17166.372961425783,840,-0.34105004123412075,8168.52197265625,0.0007879592,0.0003,0.008154296875,0.2,0.03676187992095947
2,814,2048,1,200.0,1860.0,-0.0006631789045059122,14977.718856811523,850,-0.39392634434625506,10189.0390625,0.0012281013,0.0003,0.009912109375,0.2,0.5592281818389893
6,669,4096,2,200.0,1951.5,-0.0023259416862856596,17061.822863769532,860,-0.6407833684235811,6428.23046875,0.005022184,0.0003,0.030859375,0.2,0.49443143606185913
9,632,6144,3,200.0,1918.0,-0.003634260887338314,16347.211004638672,870,-0.6486353183165192,11222.0869140625,0.004614127,0.0003,0.027392578125,0.2,0.1608712077140808
13,615,8192,4,200.0,1968.75,-0.0038860557186126245,15420.98462524414,880,-0.6383634544909,8041.43505859375,0.0020701054,0.0003,0.01474609375,0.2,0.5043802261352539
16,606,10240,5,200.0,1939.6078431372548,-0.004189334900001995,17224.519793701173,890,-0.6398277707397938,9176.05078125,0.004361567,0.0003,0.030224609375,0.2,0.06771761178970337
2,908,2048,1,200.0,2024.0,-0.002315644940244965,15724.428085327148,900,-0.6935540448874236,11643.556640625,0.0020729057,0.0003,0.02197265625,0.2,0.624205470085144
5,715,4096,2,200.0,1942.5,-0.0015944683967973106,15729.543151855469,860,-0.3435507438145578,9534.5087890625,0.0019874107,0.0003,0.015673828125,0.2,0.1891005039215088
9,671,6144,3,200.0,1983.0,-0.0009332363268185872,15951.706958007813,870,-0.3599954486824572,6797.92919921875,0.0009963817,0.0003,0.0076171875,0.2,0.6392965316772461
12,650,8192,4,200.0,1965.75,-0.0018280805612448602,16875.57092590332,880,-0.39268525708466767,6981.9775390625,0.0006835669,0.0003,0.01552734375,0.2,0.1979161500930786
16,637,10240,5,200.0,1935.4901960784314,-0.0003624196066084551,17135.41683959961,890,-0.38131830357015134,7060.4140625,0.0016940505,0.0003,0.011279296875,0.2,0.11510258913040161
2,926,2048,1,200.0,2020.0,-0.0015012697651400231,16669.12791442871,900,-0.4193014245480299,9353.1513671875,0.0019097732,0.0003,0.011865234375,0.2,0.3147035241127014
5,717,4096,2,200.0,2106.5,-0.002791834720483166,16074.501419067383,910,-0.6557196699082851,9457.3193359375,0.00249233,0.0003,0.021142578125,0.2,0.1677936315536499
9,666,6144,3,200.0,1956.3333333333333,-0.002824684762163088,17643.034719848634,920,-0.633539086766541,6269.29443359375,0.0053677987,0.0003,0.03515625,0.2,0.03381764888763428
12,641,8192,4,200.0,2012.75,-0.0038787539204349743,14856.000807189941,930,-0.7521857272833585,9574.935546875,0.0038744588,0.0003,0.033544921875,0.2,0.5334509611129761
16,628,10240,5,200.0,1981.764705882353,-0.003162556004826911,16422.511660766602,940,-0.6210205611772835,13439.4013671875,0.002325314,0.0003,0.02978515625,0.2,0.061482250690460205
2,899,2048,1,200.0,1914.0,-0.004874823910358828,16966.675106811523,950,-0.6200847506523133,9780.78125,0.0054827007,0.0003,0.065478515625,0.2,0.3454511761665344
5,690,4096,2,200.0,1988.0,-0.0012603102062712424,15836.933703613282,910,-0.4155875780619681,6013.47314453125,0.0010253655,0.0003,0.010546875,0.2,0.2683525085449219
9,649,6144,3,200.0,2005.3333333333333,-0.0005996825195325073,16871.359313964844,920,-0.3886003878898919,6471.20947265625,0.0017919184,0.0003,0.007080078125,0.2,-0.013859272003173828
12,630,8192,4,200.0,2017.0,-0.0026502468390390277,16633.648150634766,930,-0.44545170580968263,7797.84912109375,0.0069503067,0.0003,0.068994140625,0.2,0.0869147777557373
16,616,10240,5,200.0,2042.9411764705883,-0.0008356606151210145,17952.656991577147,940,-0.4528343566693366,10744.4091796875,0.0016604068,0.0003,0.04462890625,0.2,0.04387778043746948
2,899,2048,1,200.0,1850.0,-0.004841206007404253,18144.511968994142,950,-0.43427478671073916,7141.91748046875,0.00398109,0.0003,0.0556640625,0.2,0.037780821323394775
5,702,4096,2,200.0,2000.0,-0.0022363989934092387,14924.068960571289,960,-0.7423643619753421,5475.580078125,0.0071865036,0.0003,0.0666015625,0.2,0.35289454460144043
9,659,6144,3,200.0,2035.3333333333333,-0.0022993469196080697,16651.49345550537,970,-0.6946625404059887,9456.5693359375,0.0028161947,0.0003,0.029541015625,0.2,0.02181565761566162
12,646,8192,4,200.0,2038.5,-0.0036357900375151076,17238.60655822754,980,-0.6823917733505368,8240.412109375,0.002872353,0.0003,0.02958984375,0.2,0.03936505317687988
16,638,10240,5,200.0,2053.3333333333335,-0.0045469659853552,16963.17299499512,990,-0.7057198178954422,6714.84912109375,0.0043743933,0.0003,0.04375,0.2,0.4106350541114807
2,948,2048,1,200.0,1845.0,-0.003632797264435794,18154.595169067383,1000,-0.6779569655656814,7000.78857421875,0.0023625663,0.0003,0.051416015625,0.2,0.0348358154296875
5,741,4096,2,200.0,1999.5,-0.0012280810056836343,16044.760736083985,960,-0.46765054361894726,7625.00341796875,0.0033789775,0.0003,0.013671875,0.2,0.2501319646835327
9,680,6144,3,200.0,1914.3333333333333,-0.0010214196998276747,18491.843112182618,970,-0.4249441766180098,9865.69921875,0.0018971453,0.0003,0.015283203125,0.2,0.041310012340545654
12,657,8192,4,200.0,1950.5,-0.0012893926636024845,16071.700254821777,980,-0.3802651141770184,13527.6640625,0.0015769983,0.0003,0.016357421875,0.2,0.6405442953109741
15,645,10240,5,200.0,1972.3529411764705,-0.0007939853450807278,17351.162727355957,990,-0.35119474749080837,8615.0537109375,0.0021721222,0.0003,0.007763671875,0.2,0.09314996004104614
2,916,2048,1,200.0,1993.0,-0.0005710645353246945,17325.336157226564,1000,-0.3540774894878268,9430.861328125,0.00051915454,0.0003,0.0046875,0.2,0.20300638675689697
5,694,4096,2,200.0,2101.5,-0.002960438490845263,16591.94340209961,1010,-0.6991214204579592,6425.0732421875,0.002456612,0.0003,0.014111328125,0.2,0.31824004650115967
9,651,6144,3,200.0,2050.0,-0.003492554315744201,16873.468463134766,1020,-0.6447533439844847,7769.74560546875,0.011915006,0.0003,0.039794921875,0.2,0.040964365005493164
13,629,8192,4,200.0,1987.75,-0.0077941055831615815,15363.411701965331,1030,-0.7477570785209536,5388.14111328125,0.006633307,0.0003,0.068798828125,0.2,0.6588236689567566
16,617,10240,5,200.0,2006.4705882352941,-0.0027684237211360596,16221.444360351563,1040,-0.6496681440621614,8050.81640625,0.0024878865,0.0003,0.031201171875,0.2,0.4589974284172058
2,889,2048,1,200.0,1906.0,-0.0014940960987587459,18976.325717163087,1050,-0.6566183951683342,7836.28125,0.0022201142,0.0003,0.011279296875,0.2,0.2586289048194885
5,694,4096,2,200.0,1955.5,-0.0005679029964085203,16651.40073852539,1010,-0.34914693525061014,6082.439453125,0.0007387815,0.0003,0.00244140625,0.2,0.15107041597366333
9,648,6144,3,200.0,1944.6666666666667,-0.0006489515908469912,16329.381362915039,1020,-0.30414827866479754,5885.029296875,0.00068952376,0.0003,0.0029296875,0.2,0.4595208764076233
12,631,8192,4,200.0,1974.5,-0.001699959261895856,17495.028735351563,1030,-0.28408789783716204,11292.748046875,0.0018143582,0.0003,0.013720703125,0.2,0.14850443601608276
16,616,10240,5,200.0,1899.2156862745098,-0.0005604494101135061,16781.752102661132,1040,-0.24813429587520658,8944.0546875,0.00033761913,0.0003,0.00419921875,0.2,0.05879157781600952
2,899,2048,1,200.0,2138.0,-0.00013718052359763534,15431.718734741211,1050,-0.2921861294191331,7077.16748046875,0.00046546836,0.0003,0.0,0.2,0.35928744077682495
5,697,4096,2,200.0,2115.0,-0.004604909248882905,17743.346484375,1060,-0.6190963983535767,8794.7646484375,0.010973634,0.0003,0.079296875,0.2,0.05022835731506348
9,650,6144,3,200.0,2058.3333333333335,-0.0020053763255418744,16038.591957092285,1070,-0.6457669199444354,8462.763671875,0.001875135,0.0003,0.016455078125,0.2,0.1166120171546936
13,628,8192,4,200.0,2090.25,-0.004597199626732618,15669.406854248047,1080,-0.6385721384547651,10916.7880859375,0.006387097,0.0003,0.06171875,0.2,0.5893247127532959
16,616,10240,5,200.0,2104.901960784314,-0.0030316534677695016,15426.60002746582,1090,-0.5976541827432811,6055.71923828125,0.0034356168,0.0003,0.040576171875,0.2,0.14389115571975708
2,859,2048,1,200.0,2003.0,-0.0036979129508836195,18581.884008789064,1100,-0.6531728026457131,8136.75732421875,0.0067600333,0.0003,0.0572265625,0.2,0.0391545295715332
5,682,4096,2,200.0,1965.5,-0.0011891726418980398,17398.296487426756,1060,-0.25387896136380733,12190.208984375,0.0008830571,0.0003,0.0107421875,0.2,0.17195981740951538
9,648,6144,3,200.0,1928.6666666666667,-0.0004637458645447623,16690.108653259278,1070,-0.26765142465010283,7440.09814453125,0.0036138184,0.0003,0.02255859375,0.2,0.5834086537361145
12,631,8192,4,200.0,1953.75,-0.0011024898922187276,15214.057260131836,1080,-0.28742375653237107,7681.26611328125,0.00052293297,0.0003,0.005517578125,0.2,0.28733837604522705
16,621,10240,5,200.0,1974.1176470588234,-0.0009470078781305347,16891.651000976562,1090,-0.28520750771276654,7730.2451171875,0.0014905392,0.0003,0.008056640625,0.2,0.05411350727081299
2,900,2048,1,200.0,2064.0,-0.0010706208646297454,18329.923348999022,1100,-0.3144610550720245,14273.1787109375,0.003463142,0.0003,0.036181640625,0.2,0.10461491346359253
5,712,4096,2,200.0,2111.0,-0.0008980986298411153,16270.3849899292,1110,-0.7077569494023919,5861.1904296875,0.0021251529,0.0003,0.010791015625,0.2,0.08093827962875366
9,665,6144,3,200.0,2136.6666666666665,-0.005242221596563468,17108.110772705077,1120,-0.6781043025664986,7212.91162109375,0.0059559583,0.0003,0.05556640625,0.2,0.04201537370681763
12,644,8192,4,200.0,2107.5,-0.0022112602018751204,17385.515075683594,1130,-0.6685111475177109,8073.171875,0.0053941077,0.0003,0.05087890625,0.2,0.06661844253540039
16,632,10240,5,200.0,2084.3137254901962,-0.004957432158698793,17300.4541015625,1140,-0.7897982276976109,7028.296875,0.009962693,0.0003,0.091845703125,0.2,0.07956790924072266
2,874,2048,1,200.0,1955.0,-0.003779707541980315,17652.070527648924,1150,-0.8035615360364318,8717.583984375,0.0071445093,0.0003,0.0732421875,0.2,0.4854772090911865
5,693,4096,2,200.0,2000.5,-0.000708386828773655,16980.425106811523,1110,-0.3493529108352959,4914.8779296875,0.0036886842,0.0003,0.043115234375,0.2,0.06780827045440674
9,648,6144,3,200.0,1978.0,-0.0023791619038092903,17180.35776977539,1120,-0.39132726602256296,11876.01171875,0.014233223,0.0003,0.06865234375,0.2,0.09278100728988647
13,629,8192,4,200.0,2002.5,-0.0010086448848596774,17739.902342224123,1130,-0.4157911205664277,6266.29931640625,0.0021902244,0.0003,0.00966796875,0.2,0.06441789865493774
16,617,10240,5,200.0,1960.3921568627452,-0.0008798392649623565,16933.870178222656,1140,-0.4071107737720013,5027.94921875,0.0008341203,0.0003,0.04013671875,0.2,0.07904171943664551
2,887,2048,1,200.0,1998.0,-0.000724763904872816,17706.231341552735,1150,-0.4128054165281355,9400.8544921875,0.0025063436,0.0003,0.0138671875,0.2,0.5515223741531372
5,703,4096,2,200.0,2048.0,-0.005871674750233069,16066.037590026855,1160,-0.7923149731010198,8277.626953125,0.0050981385,0.0003,0.066357421875,0.2,0.0801306962966919
9,655,6144,3,200.0,2050.0,-0.006384813506156206,18600.00084838867,1170,-0.7493585384450853,10505.6376953125,0.004829635,0.0003,0.08798828125,0.2,0.04740166664123535
12,633,8192,4,200.0,2043.0,-0.00385388034483185,17926.99825592041,1180,-0.7596456583589315,12283.3046875,0.0041824263,0.0003,0.069921875,0.2,0.06782901287078857
16,613,10240,5,200.0,2023.137254901961,-0.0029094611607433764,20594.992141723633,1190,-0.7104109775274992,5807.18310546875,0.004912569,0.0003,0.0376953125,0.2,0.05753844976425171
2,899,2048,1,200.0,2096.0,-0.0017683314668829552,15240.57896270752,1200,-0.677805685903877,5845.89404296875,0.0028540976,0.0003,0.016064453125,0.2,0.17905205488204956
5,700,4096,2,200.0,2104.5,-0.00014131869465927593,17685.30654296875,1160,-0.3996556816622615,11316.0107421875,0.0032029138,0.0003,0.01005859375,0.2,0.06780636310577393
9,652,6144,3,200.0,2112.3333333333335,-0.0010326145151339007,18297.9214263916,1170,-0.3911186418496072,7174.775390625,0.003488014,0.0003,0.00546875,0.2,0.14085900783538818
12,632,8192,4,200.0,2100.5,-0.0011807570102973842,18586.568678283693,1180,-0.3727973343804479,7137.599609375,0.0029747458,0.0003,0.017236328125,0.2,0.05112946033477783
16,616,10240,5,200.0,2108.0392156862745,-0.0034655249568459113,16145.386932373047,1190,-0.3546375673264265,8353.1025390625,0.0027893381,0.0003,0.0341796875,0.2,0.16456443071365356
2,878,2048,1,200.0,2214.0,0.00012714743570541032,18868.295120239258,1200,-0.33356585940346123,8272.3134765625,0.00030346587,0.0003,0.0041015625,0.2,0.16499942541122437
5,696,4096,2,200.0,2186.0,-0.002760481700170203,16926.723793029785,1210,-0.6730295902118086,11826.7841796875,0.004992946,0.0003,0.03349609375,0.2,0.26116037368774414
9,648,6144,3,200.0,2033.0,-0.00216048848524224,17659.77254486084,1220,-0.643933935277164,9730.8798828125,0.0032933075,0.0003,0.034375,0.2,0.06242090463638306
13,628,8192,4,200.0,2082.5,-0.0026401352748507633,15156.226847839356,1230,-0.6442753541283309,7125.294921875,0.003091912,0.0003,0.0244140625,0.2,0.7536842226982117
16,616,10240,5,200.0,2102.9411764705883,-0.0016888986676349305,17489.7541015625,1240,-0.6070711347274482,6947.0810546875,0.002120099,0.0003,0.02041015625,0.2,0.08295971155166626
2,893,2048,1,200.0,2087.0,-0.0029051738005364315,19072.797901916503,1250,-0.6448116243816913,11957.578125,0.0043395134,0.0003,0.05185546875,0.2,0.05672943592071533
5,708,4096,2,200.0,1985.5,-0.0019366310225450434,17087.667106628418,1210,-0.3728523200377822,9325.134765625,0.002437022,0.0003,0.055029296875,0.2,0.18891292810440063
9,660,6144,3,200.0,2033.0,-0.0002653394709341228,17108.417503356934,1220,-0.4086858591996133,7867.3818359375,0.00031338353,0.0003,0.004248046875,0.2,0.475933313369751
12,639,8192,4,200.0,2044.5,-0.0006073931450373493,17921.84856262207,1230,-0.37763813557103276,8780.7919921875,0.0023554857,0.0003,0.0078125,0.2,0.19400721788406372
16,626,10240,5,200.0,2033.137254901961,-0.0014463180632446893,17053.467373657226,1240,-0.41892860624939204,5052.298828125,0.0035525262,0.0003,0.039990234375,0.2,0.3923026919364929
2,891,2048,1,200.0,2073.0,-0.0014189629982865881,19312.257565307616,1250,-0.45982270278036597,8172.2138671875,0.0032456475,0.0003,0.021142578125,0.2,0.525316596031189
5,704,4096,2,200.0,2140.0,-0.003842733740748372,18225.495568847655,1260,-0.6976886868476868,9160.939453125,0.0060877325,0.0003,0.04990234375,0.2,0.3058279752731323
9,662,6144,3,200.0,2134.6666666666665,-0.003513050098990789,18853.88070678711,1270,-0.6480364738963544,7337.3525390625,0.0029757924,0.0003,0.045947265625,0.2,0.0788564682006836
12,644,8192,4,200.0,2143.75,-0.0008613493810116779,19079.20064086914,1280,-0.6232496623881161,10362.087890625,0.0015944224,0.0003,0.005712890625,0.2,0.1980363130569458
16,632,10240,5,200.0,2118.4313725490197,-0.0032026876382587944,19488.98430328369,1290,-0.5960793765261769,14057.9443359375,0.004511674,0.0003,0.0455078125,0.2,0.045787811279296875
2,881,2048,1,200.0,2025.0,-0.0023134887509513647,19025.246281433105,1300,-0.535858385078609,7701.05419921875,0.004038382,0.0003,0.043603515625,0.2,0.43533360958099365
5,708,4096,2,200.0,2110.5,-0.00126325628189079,17336.139942932128,1260,-0.4592109309509397,6547.98876953125,0.0030918394,0.0003,0.0078125,0.2,0.5781649351119995
9,660,6144,3,200.0,2122.3333333333335,-0.0014347848053148482,18427.47928466797,1270,-0.4740697613917291,7377.88330078125,0.0015087838,0.0003,0.02158203125,0.2,0.0782850980758667
12,641,8192,4,200.0,2141.25,-0.000789002695819363,16461.509381103515,1280,-0.45515873981639743,4540.0693359375,0.0047999853,0.0003,0.041845703125,0.2,0.1316004991531372
16,633,10240,5,200.0,2139.8039215686276,-0.0010788547559059225,19077.640216064454,1290,-0.4285914361476898,12701.154296875,0.0032807153,0.0003,0.02646484375,0.2,0.06046551465988159
2,954,2048,1,200.0,2235.0,-0.00014980745618231595,21156.926239013672,1300,-0.43524288646876813,12531.865234375,0.000657326,0.0003,0.014892578125,0.2,0.18065476417541504
5,738,4096,2,200.0,2135.5,-0.0015827171460841782,18562.474334716797,1310,-0.5955183546990156,8213.359375,0.0017766254,0.0003,0.019775390625,0.2,0.14559805393218994
8,690,6144,3,200.0,2165.0,-0.002719789715774823,17248.940727233887,1320,-0.6323742686770857,10841.1435546875,0.003873722,0.0003,0.05947265625,0.2,0.5791348218917847
12,669,8192,4,200.0,2165.25,-0.0019319329876452684,18600.907078552245,1330,-0.5935744268819689,10667.7255859375,0.003174266,0.0003,0.036181640625,0.2,0.07689207792282104
15,652,10240,5,200.0,2152.156862745098,-0.003394603436754551,16819.258262634277,1340,-0.5697917075827718,5459.55810546875,0.0046243854,0.0003,0.040087890625,0.2,0.1961120367050171
2,949,2048,1,200.0,2048.0,-0.004252800800895784,19224.02747039795,1350,-0.6150344969704747,13498.787109375,0.0037874016,0.0003,0.049853515625,0.2,0.10274046659469604
5,725,4096,2,200.0,2008.0,-0.0022199351689778267,19161.05821838379,1310,-0.4203787117265165,11863.4375,0.0051438464,0.0003,0.030224609375,0.2,0.11554110050201416
8,682,6144,3,200.0,2000.0,-0.0006922779546584934,15641.981204223634,1320,-0.4232090895995498,7345.205078125,0.0018179602,0.0003,0.007421875,0.2,0.42803823947906494
12,660,8192,4,200.0,2037.0,-0.0008512080748914741,19071.435873413087,1330,-0.38308121282607316,10259.5908203125,0.0029300377,0.0003,0.020849609375,0.2,0.2310667634010315
16,639,10240,5,200.0,2066.470588235294,-9.234407989424653e-05,17817.27861633301,1340,-0.369106827955693,5700.876953125,0.0011595732,0.0003,0.001025390625,0.2,0.24504029750823975
2,860,2048,1,200.0,2142.0,-0.000945104836137034,18198.664265441894,1350,-0.3949092793278396,12448.533203125,0.0016896646,0.0003,0.017822265625,0.2,0.17812973260879517
6,678,4096,2,200.0,2189.5,-0.003105974981735926,20871.27214355469,1360,-0.6123954533599317,6589.05859375,0.0053390902,0.0003,0.045361328125,0.2,0.023576080799102783
9,626,6144,3,200.0,2212.3333333333335,-0.004188101260660914,19029.847401428222,1370,-0.5863159881904721,9756.55078125,0.003483442,0.0003,0.039501953125,0.2,0.14440131187438965
13,610,8192,4,200.0,2166.0,-0.001766363609203836,18771.25827178955,1380,-0.5843654211610556,8233.7802734375,0.0039841398,0.0003,0.034228515625,0.2,0.088978111743927
17,596,10240,5,200.0,2180.7843137254904,-0.0023201960459118707,20449.881677246092,1390,-0.6425127787515521,5291.11962890625,0.0032619,0.0003,0.0291015625,0.2,0.06279259920120239
2,866,2048,1,200.0,2196.0,-0.0016855833688168786,19761.104113769532,1400,-0.5892118010669947,8771.33203125,0.0025211063,0.0003,0.014892578125,0.2,0.09484553337097168
5,695,4096,2,200.0,2160.5,-0.002037059699796373,19969.942216491698,1360,-0.3591111361980438,11512.26171875,0.0023876603,0.0003,0.020166015625,0.2,0.06763774156570435
9,657,6144,3,200.0,2139.0,-0.0008265526033937931,19418.265408325195,1370,-0.35445820204913614,8802.1171875,0.0021674791,0.0003,0.01953125,0.2,0.0931704044342041
12,637,8192,4,200.0,2138.25,-0.0012797418065019883,16357.289247131348,1380,-0.36922961436212065,13797.310546875,0.0016897713,0.0003,0.031982421875,0.2,0.43360215425491333
16,628,10240,5,200.0,2135.4901960784314,-0.0006152306086733006,20498.986431884765,1390,-0.39351580999791624,16044.8203125,0.0030847923,0.0003,0.0181640625,0.2,0.06644642353057861
2,917,2048,1,200.0,2214.0,-0.0012463756880606524,19970.31261291504,1400,-0.4571580160409212,10431.154296875,0.001120726,0.0003,0.0212890625,0.2,0.11952757835388184
5,716,4096,2,200.0,2128.0,-0.0049274356177193114,20242.675718688966,1410,-0.6209784083999693,7117.02734375,0.005816131,0.0003,0.08212890625,0.2,0.08695971965789795
9,669,6144,3,200.0,2162.6666666666665,-0.0031457517157832625,19402.214179992676,1420,-0.6356609565205872,5101.95751953125,0.0045688828,0.0003,0.046142578125,0.2,0.12582600116729736
12,642,8192,4,200.0,2164.0,-0.0027478576099383644,19105.849375915528,1430,-0.6765754240565002,13494.6513671875,0.0032128205,0.0003,0.035107421875,0.2,0.1131088137626648
16,624,10240,5,200.0,2162.7450980392155,-0.0035546713552321307,19879.374224853516,1440,-0.7203073296695948,12076.3935546875,0.0039156424,0.0003,0.028857421875,0.2,0.19041699171066284
2,866,2048,1,200.0,2160.0,-0.0036507887911284343,21073.996885681154,1450,-0.7436140649020672,17182.623046875,0.005137099,0.0003,0.054541015625,0.2,0.11226117610931396
5,691,4096,2,200.0,2176.0,-0.001344990362849785,20780.37137298584,1410,-0.4251479858532548,9671.6240234375,0.002242785,0.0003,0.00927734375,0.2,0.11320191621780396
9,644,6144,3,200.0,2160.0,-0.0018580105352157261,19536.895748901366,1420,-0.40161866322159767,6956.37646484375,0.002574672,0.0003,0.034033203125,0.2,0.09738010168075562
13,624,8192,4,200.0,2000.25,-0.003325579380907584,19219.653674316407,1430,-0.3988975268788636,9067.29296875,0.0021566409,0.0003,0.03994140625,0.2,0.09358018636703491
16,613,10240,5,200.0,2024.7058823529412,-0.0016219168472161982,14692.08291168213,1440,-0.407781277038157,2951.765380859375,0.0013570254,0.0003,0.008447265625,0.2,0.525457501411438
2,860,2048,1,200.0,2150.0,-0.0014094251884671394,21555.094889831544,1450,-0.35911290990188716,11215.65234375,0.0028400058,0.0003,0.014013671875,0.2,0.0701478123664856
6,674,4096,2,200.0,2087.0,-0.0048291456492734145,20776.11614074707,1460,-0.7107153942808508,10844.4912109375,0.003195616,0.0003,0.0306640625,0.2,0.07740139961242676
9,647,6144,3,200.0,2090.6666666666665,-0.00321787555294577,19035.942823791505,1470,-0.70621920498088,14487.08203125,0.0057188952,0.0003,0.028759765625,0.2,0.17301946878433228
12,633,8192,4,200.0,2120.25,-0.005659488000674173,18760.89375,1480,-0.6672979218885302,7775.46630859375,0.004829295,0.0003,0.040576171875,0.2,0.2486816644668579
16,629,10240,5,200.0,2137.0588235294117,-0.0022374709806172177,18326.135955810547,1490,-0.6215503131970763,11887.607421875,0.0031011119,0.0003,0.036279296875,0.2,0.11306273937225342
2,941,2048,1,200.0,1908.0,-0.001517552115547005,22150.717700195313,1500,-0.6317370362579823,11241.333984375,0.0026113295,0.0003,0.036572265625,0.2,0.07687264680862427
5,712,4096,2,200.0,1986.5,-0.001660173237178242,19596.1341003418,1460,-0.3194531329907477,13738.2578125,0.0022579078,0.0003,0.016650390625,0.2,0.5608198642730713
9,676,6144,3,200.0,2050.0,-0.0006163673460832797,20433.31951293945,1470,-0.2747651918325573,11374.2548828125,0.00067540293,0.0003,0.0064453125,0.2,0.24657481908798218
12,657,8192,4,200.0,2074.5,-5.880788230570033e-05,20362.085459899903,1480,-0.2566227771341801,10549.35546875,0.00074309076,0.0003,0.00244140625,0.2,0.09960734844207764
15,647,10240,5,200.0,2092.156862745098,-0.0007931202075269539,20791.12323913574,1490,-0.269341682177037,9815.9033203125,0.0010236653,0.0003,0.012109375,0.2,0.11707597970962524
2,936,2048,1,200.0,2170.0,-0.0007800790728651919,22037.057765197755,1500,-0.23270862493664027,11123.501953125,0.0008393809,0.0003,0.0044921875,0.2,0.11082780361175537
5,732,4096,2,200.0,2190.5,-0.00150959084094211,19448.18719329834,1510,-0.6392636785283685,6889.990234375,0.0012959365,0.0003,0.012548828125,0.2,0.1063075065612793
9,676,6144,3,200.0,2155.6666666666665,-0.004164200386730954,21182.844708251952,1520,-0.6717179834842681,12864.2568359375,0.0063275406,0.0003,0.071728515625,0.2,0.08139187097549438
12,648,8192,4,200.0,2180.5,-0.0015857693062571343,23331.133361816406,1530,-0.6764731137081981,11407.8544921875,0.0020513497,0.0003,0.01025390625,0.2,0.05858325958251953
16,633,10240,5,200.0,2180.1960784313724,-0.002827136003179476,18677.262927246094,1540,-0.6397371346130967,9039.3828125,0.0020101005,0.0003,0.028466796875,0.2,0.12383109331130981
2,866,2048,1,200.0,1794.0,-0.0035954997045337224,23734.31610107422,1550,-0.6150249588303268,12124.998046875,0.0033948063,0.0003,0.0443359375,0.2,0.03067314624786377
5,693,4096,2,200.0,1762.5,-0.0010777205177873838,20035.856634521486,1510,-0.2524590620305389,10789.4921875,0.0011922078,0.0003,0.010400390625,0.2,0.7013589143753052
9,645,6144,3,200.0,1879.0,-0.00040495504727005026,18228.6396774292,1520,-0.27671037348918615,7555.2353515625,0.0011012647,0.0003,0.006787109375,0.2,0.6360667943954468
13,620,8192,4,200.0,1948.5,-0.0004811591577890795,20403.10589752197,1530,-0.2952542087994516,10781.0625,0.0010504815,0.0003,0.003857421875,0.2,0.10147768259048462
16,610,10240,5,200.0,1963.7254901960785,-0.00040192690285039133,21377.313810729982,1540,-0.2882337506394833,18751.748046875,0.0009294017,0.0003,0.003759765625,0.2,0.08671241998672485
2,869,2048,1,200.0,1837.0,-0.0016962918689387152,20208.285722351073,1550,-0.2875130258500576,4304.5048828125,0.0014603668,0.0003,0.02353515625,0.2,0.4886001944541931
5,696,4096,2,200.0,1943.0,-0.0020415340943145564,19798.09401092529,1560,-0.607979873009026,5941.267578125,0.0030831788,0.0003,0.015380859375,0.2,0.5926835536956787
9,649,6144,3,200.0,2020.3333333333333,-0.0034663321042899043,20399.191407775877,1570,-0.6530652163550258,6206.92431640625,0.0032384838,0.0003,0.037646484375,0.2,0.375230610370636
13,625,8192,4,200.0,2049.5,-0.0020317094022175297,23043.130465698243,1580,-0.641772018186748,12127.4755859375,0.0041630436,0.0003,0.029443359375,0.2,0.08584064245223999
16,615,10240,5,200.0,2085.6862745098038,-0.00474823521944927,20750.5870223999,1590,-0.667377976514399,12010.0478515625,0.0031075105,0.0003,0.0416015625,0.2,0.11518943309783936
2,853,2048,1,200.0,1942.0,-0.0017463447904447094,22225.42514953613,1600,-0.6194441141560674,12388.681640625,0.0030347263,0.0003,0.019873046875,0.2,0.10373491048812866
5,685,4096,2,200.0,2077.5,-0.0010585401760181412,21132.275637817384,1560,-0.3156670820899308,4926.14208984375,0.0010435141,0.0003,0.006494140625,0.2,0.22412985563278198
9,639,6144,3,200.0,2050.0,-0.00035240777942817657,22213.422604370116,1570,-0.31453384296037257,8542.60546875,0.0009729619,0.0003,0.00478515625,0.2,0.1208605170249939
13,616,8192,4,200.0,2078.5,-0.0010940681924694218,22284.842350769042,1580,-0.30608739466406404,18682.40625,0.0017327128,0.0003,0.012744140625,0.2,0.5567017793655396
16,610,10240,5,200.0,2102.9411764705883,-0.0005431715391750914,23788.498194885255,1590,-0.3255346452817321,5924.85107421875,0.0014134487,0.0003,0.01123046875,0.2,0.09340840578079224
2,901,2048,1,200.0,2245.0,-0.001397421988804126,24421.017208862304,1600,-0.3546368692070246,16090.962890625,0.0014427148,0.0003,0.022607421875,0.2,0.0615309476852417
5,709,4096,2,200.0,2253.0,-0.0041531721624778585,21812.667500305175,1610,-0.6235774557106197,7319.6171875,0.0026319677,0.0003,0.03388671875,0.2,0.18642520904541016
9,661,6144,3,200.0,2257.3333333333335,-0.002422777420724742,19634.72193145752,1620,-0.6248079816810787,8979.248046875,0.0044329492,0.0003,0.0216796875,0.2,0.26795995235443115
12,642,8192,4,200.0,2254.25,-0.0018113214951881672,22867.03560333252,1630,-0.6040838989429176,15269.06640625,0.0031338045,0.0003,0.030908203125,0.2,0.08496201038360596
16,630,10240,5,200.0,2174.1176470588234,-0.0050540635420475155,23096.444229125977,1640,-0.5816325342282653,12773.1240234375,0.004455507,0.0003,0.07578125,0.2,0.07645094394683838
2,896,2048,1,200.0,2218.0,-0.0011018042787327431,22641.734715270995,1650,-0.5311013617552817,12696.0517578125,0.0011799613,0.0003,0.0150390625,0.2,0.4354579448699951
5,701,4096,2,200.0,2206.0,-0.000550117975944886,23872.34616394043,1610,-0.3678494419902563,11236.556640625,0.0008754538,0.0003,0.009375,0.2,0.09136205911636353
9,657,6144,3,200.0,2203.3333333333335,-0.0009833736934524496,25057.06186828613,1620,-0.38480507433414457,12895.2763671875,0.001522173,0.0003,0.0220703125,0.2,0.07409560680389404
12,633,8192,4,200.0,2207.5,-0.0005319562274962664,23920.549533081055,1630,-0.37880759947001935,9775.0966796875,0.00073951285,0.0003,0.00263671875,0.2,0.08313685655593872
16,622,10240,5,200.0,2161.176470588235,-0.0020549062624922953,23605.665205383302,1640,-0.36933869374915956,10399.0888671875,0.0030018315,0.0003,0.02392578125,0.2,0.09516406059265137
2,873,2048,1,200.0,2256.0,-0.0019660455407574775,23604.882138061523,1650,-0.3871741618961096,5713.43408203125,0.001848921,0.0003,0.017578125,0.2,0.21547937393188477
5,689,4096,2,200.0,2266.5,-0.0012706357723800466,23125.613455200197,1660,-0.570940081588924,16644.650390625,0.0017161807,0.0003,0.019091796875,0.2,0.19156575202941895
9,648,6144,3,200.0,2175.6666666666665,-0.0021848613003385255,22734.881771850585,1670,-0.5785959684289992,14319.6220703125,0.0018874081,0.0003,0.042822265625,0.2,0.21095150709152222
13,627,8192,4,200.0,2188.0,-0.003573398114531301,23693.917433166505,1680,-0.5295592607930303,4964.38623046875,0.0035209311,0.0003,0.03505859375,0.2,0.25796008110046387
16,617,10240,5,200.0,2193.3333333333335,-0.0019442597455054055,21715.000415039063,1690,-0.5447109716013074,11681.4765625,0.0029618007,0.0003,0.021923828125,0.2,0.17582279443740845
2,889,2048,1,200.0,2208.0,-0.004713279240240809,23053.11111602783,1700,-0.5156363627873362,14277.8017578125,0.0042775013,0.0003,0.05107421875,0.2,0.2956218123435974
5,704,4096,2,200.0,2185.5,-0.0011529569703270682,20989.563667297363,1660,-0.3851171392016113,16541.7109375,0.0014623656,0.0003,0.019384765625,0.2,0.14745444059371948
9,654,6144,3,200.0,2193.6666666666665,-0.00025863675109576433,23477.63188934326,1670,-0.3690936044789851,5614.0576171875,0.0007619729,0.0003,0.00087890625,0.2,0.17717820405960083
12,630,8192,4,200.0,2178.25,-0.0002084179526718799,23042.677807617187,1680,-0.37369404900819064,14067.650390625,0.00023897295,0.0003,0.0,0.2,0.1036718487739563
16,618,10240,5,200.0,2178.4313725490197,-0.0018315740657271818,22477.08230895996,1690,-0.3505533725954592,20186.005859375,0.0025650994,0.0003,0.01298828125,0.2,0.21794140338897705
2,858,2048,1,200.0,2264.0,-0.0016659531771438195,23153.31296386719,1700,-0.3350408675149083,12280.6865234375,0.0013614886,0.0003,0.018701171875,0.2,0.08631306886672974
5,684,4096,2,200.0,2269.0,-0.0014016401437402237,25163.215280151366,1710,-0.497290401160717,8201.90625,0.0013525217,0.0003,0.01171875,0.2,0.07001936435699463
9,640,6144,3,200.0,2269.6666666666665,-0.0048917782987700775,23394.314234924317,1720,-0.4974753108806908,7131.58544921875,0.0026449878,0.0003,0.0498046875,0.2,0.09109580516815186
13,616,8192,4,200.0,2271.75,-0.0025346752256155012,22584.02879638672,1730,-0.47787647768855096,10821.1884765625,0.0034293337,0.0003,0.020361328125,0.2,0.22221344709396362
16,609,10240,5,200.0,2273.3333333333335,-0.0023574531660415232,24137.84504699707,1740,-0.45612232834100724,20872.3515625,0.0025206495,0.0003,0.03046875,0.2,0.09475421905517578
2,914,2048,1,200.0,2216.0,-0.0021245289739454166,26238.97046661377,1750,-0.4354477091692388,13872.697265625,0.002519362,0.0003,0.027197265625,0.2,0.07960188388824463
5,714,4096,2,200.0,2214.0,-0.000628585449885577,23939.73635253906,1710,-0.3652852364815772,13074.0224609375,0.0015320044,0.0003,0.01455078125,0.2,0.08050346374511719
9,670,6144,3,200.0,2210.6666666666665,-8.804209937807172e-06,24218.27691192627,1720,-0.3682039063423872,15414.6416015625,0.0006769082,0.0003,0.0,0.2,0.06460034847259521
12,648,8192,4,200.0,2193.75,-0.0023601935252372643,22032.69616241455,1730,-0.4043243276886642,14227.98828125,0.0017792047,0.0003,0.03662109375,0.2,0.2629581093788147
16,636,10240,5,200.0,2198.627450980392,-0.0016728096117731184,23638.57505187988,1740,-0.40148396883159876,8909.6494140625,0.0019869988,0.0003,0.014111328125,0.2,0.22265809774398804
2,917,2048,1,200.0,2277.0,-0.00023698884178884326,26311.020457458497,1750,-0.39956043679267167,8966.1953125,0.0014716964,0.0003,0.001025390625,0.2,0.09317892789840698
5,721,4096,2,200.0,2229.0,-0.0012909622921142728,24914.113943481447,1760,-0.42855116026476026,23767.3203125,0.0012726351,0.0003,0.0142578125,0.2,0.09139096736907959
9,674,6144,3,200.0,2243.3333333333335,-0.0012967808106623124,24719.870762634277,1770,-0.4214283163659275,14440.181640625,0.0012600555,0.0003,0.01572265625,0.2,0.10281234979629517
12,649,8192,4,200.0,2209.5,-0.0014120537831331602,24241.433140563964,1780,-0.41076943995431064,14810.5380859375,0.00096595875,0.0003,0.005517578125,0.2,0.1065102219581604
16,635,10240,5,200.0,2224.5098039215686,-0.0024627847931697035,23908.550762939452,1790,-0.4130788654088974,5447.27392578125,0.0039284932,0.0003,0.031982421875,0.2,0.40868741273880005
2,914,2048,1,200.0,2195.0,-0.0022186742855410556,26608.8348526001,1800,-0.43726597018539903,20465.22265625,0.0021982715,0.0003,0.02431640625,0.2,0.08915656805038452
5,712,4096,2,200.0,2216.5,-0.002364201804448385,23572.14164581299,1760,-0.3581223955377936,9779.8515625,0.0026988082,0.0003,0.02353515625,0.2,0.17454499006271362
9,667,6144,3,200.0,2204.3333333333335,-0.0002022965796641074,23680.50560760498,1770,-0.37306618606671693,9200.6005859375,0.0012931707,0.0003,0.00869140625,0.2,0.0946885347366333
12,646,8192,4,200.0,2209.25,-0.002919164536433527,27194.860160827637,1780,-0.3799914889037609,13327.9052734375,0.0020916646,0.0003,0.027734375,0.2,0.06895899772644043
16,633,10240,5,200.0,2211.372549019608,-0.0012538256938569247,25763.143479919432,1790,-0.37380171585828065,8849.6181640625,0.0013784985,0.0003,0.014697265625,0.2,0.09413397312164307
2,914,2048,1,200.0,2104.0,-0.0006220464296347927,25687.00193786621,1800,-0.3860046809539199,11790.57421875,0.0018565576,0.0003,0.001513671875,0.2,0.2539229989051819
5,719,4096,2,200.0,2191.5,-0.000532148403726751,23414.597038269043,1810,-0.42564833983778955,12877.7978515625,0.0012187888,0.0003,0.00185546875,0.2,0.47795718908309937
9,677,6144,3,200.0,2220.3333333333335,-0.0008658776285301428,24421.25772857666,1820,-0.414963147835806,17381.685546875,0.0032400389,0.0003,0.019775390625,0.2,0.09048843383789062
12,659,8192,4,200.0,2235.0,-0.0022760505555197595,24480.769750976564,1830,-0.4301001182757318,11377.3671875,0.0026152655,0.0003,0.033203125,0.2,0.17696356773376465
15,646,10240,5,200.0,2243.725490196078,-0.0022143754045828245,25732.39568786621,1840,-0.40017432617023585,24238.291015625,0.0024388423,0.0003,0.03583984375,0.2,0.08796525001525879
2,947,2048,1,200.0,2197.0,-0.0034109093838196715,26668.882246398927,1850,-0.38775581419467925,7680.35009765625,0.0037869834,0.0003,0.040185546875,0.2,0.08599579334259033
5,749,4096,2,200.0,2207.5,-0.0004521241477050353,25493.75768890381,1810,-0.36084338221698997,14235.0595703125,0.0014382334,0.0003,0.008056640625,0.2,0.09890955686569214
8,695,6144,3,200.0,2217.0,-0.0035710210766410457,25340.771591186523,1820,-0.33705146312713624,12787.4853515625,0.0019773683,0.0003,0.02744140625,0.2,0.08357548713684082
12,664,8192,4,200.0,2213.25,-0.00022564680766663515,24716.399255371092,1830,-0.3473888045176864,10802.9560546875,0.0002125238,0.0003,0.00087890625,0.2,0.10446721315383911
15,647,10240,5,200.0,2209.8039215686276,-6.952238909434527e-05,25859.377499389648,1840,-0.33824860928580164,8751.294921875,0.0002820285,0.0003,0.0,0.2,0.08334976434707642
2,934,2048,1,200.0,2262.0,-0.00038198050388018603,27602.90655670166,1850,-0.32797068953514097,21764.802734375,0.0009340099,0.0003,0.00546875,0.2,0.09568852186203003
5,694,4096,2,200.0,2267.5,-0.0007395680193440057,26333.64175415039,1860,-0.397965787537396,22902.4140625,0.0013005022,0.0003,0.01611328125,0.2,0.08930891752243042
9,649,6144,3,200.0,2269.6666666666665,-0.0009399051297805272,25312.799353027345,1870,-0.3974016562104225,11426.3544921875,0.0008844743,0.0003,0.010888671875,0.2,0.08111995458602905
13,626,8192,4,200.0,2272.5,-0.004012466457788832,24918.195614624023,1880,-0.3752338517922908,19761.751953125,0.0024874357,0.0003,0.040283203125,0.2,0.09331494569778442
16,606,10240,5,200.0,2274.5098039215686,-0.00025573974271537737,25484.903573608397,1890,-0.38257562667131423,11721.0654296875,0.00067859015,0.0003,0.00859375,0.2,0.09877645969390869
2,871,2048,1,200.0,2189.0,-0.0012176669668406248,27364.0491607666,1900,-0.3946277835406363,6252.41796875,0.0016982658,0.0003,0.01318359375,0.2,0.09076672792434692
6,680,4096,2,200.0,2202.5,-0.000568298597499961,23075.416046142578,1860,-0.37050473438575865,19914.533203125,0.0014350535,0.0003,0.008203125,0.2,0.21746677160263062
9,639,6144,3,200.0,2209.0,-0.0010791784661705606,24836.568478393554,1870,-0.3856645765714347,13162.6650390625,0.0011435027,0.0003,0.0087890625,0.2,0.10826343297958374
13,620,8192,4,200.0,2210.75,-0.003316997201909544,25288.18813171387,1880,-0.3326798753812909,5173.3193359375,0.002598004,0.0003,0.03671875,0.2,0.10679900646209717
16,613,10240,5,200.0,2208.0392156862745,-0.0007649639272131025,24599.03794250488,1890,-0.2943640838377178,16275.158203125,0.0018568328,0.0003,0.00908203125,0.2,0.10970723628997803
2,913,2048,1,200.0,2275.0,5.252848204690963e-05,27341.559547424316,1900,-0.2892303768079728,8648.1552734375,0.000120808516,0.0003,0.0,0.2,0.12487918138504028
5,719,4096,2,200.0,2276.5,-0.002029319560097065,25587.78445587158,1910,-0.422917936835438,13825.47265625,0.0017755567,0.0003,0.025341796875,0.2,0.10905581712722778
9,671,6144,3,200.0,2280.3333333333335,-0.0021408298722235485,25261.250134277343,1920,-0.4236989112570882,8538.48046875,0.0018227578,0.0003,0.029296875,0.2,0.10767531394958496
12,649,8192,4,200.0,2280.75,-0.0023565494731883517,26127.51271057129,1930,-0.4335136437788606,11858.9462890625,0.00251652,0.0003,0.02197265625,0.2,0.09611159563064575
16,636,10240,5,200.0,2281.372549019608,-0.001111237655277364,26036.727810668945,1940,-0.43362046889960765,19259.732421875,0.0016401417,0.0003,0.018310546875,0.2,0.09719634056091309
2,909,2048,1,200.0,2225.0,-0.0015549764182651415,28527.868856811525,1950,-0.4529862115159631,14191.3359375,0.0035218052,0.0003,0.022216796875,0.2,0.08222883939743042
5,715,4096,2,200.0,2222.5,-0.001046639384003356,26668.081858825684,1910,-0.255950130103156,16789.787109375,0.0018083348,0.0003,0.011083984375,0.2,0.08933645486831665
9,665,6144,3,200.0,2213.0,-0.00023911270691314712,26320.31743774414,1920,-0.2701309385243803,11465.08203125,0.0006751551,0.0003,0.0037109375,0.2,0.07144659757614136
12,640,8192,4,200.0,2215.5,-0.0005120944901136681,27119.97342071533,1930,-0.25490013426169755,18849.423828125,0.0010777583,0.0003,0.0033203125,0.2,0.09879601001739502
16,624,10240,5,200.0,2220.1960784313724,-0.0011199493033927864,26713.79585876465,1940,-0.2711960878688842,15785.2587890625,0.0011793647,0.0003,0.018212890625,0.2,0.09170675277709961
2,827,2048,1,200.0,2043.0,-0.0004134836213779636,28210.305500793456,1950,-0.26739703291095795,12176.2734375,0.000816841,0.0003,0.00390625,0.2,0.0875968337059021
5,688,4096,2,200.0,2029.0,-0.004631520294060465,24469.108416748048,1960,-0.4395337075926363,26440.51171875,0.003350988,0.0003,0.04951171875,0.2,0.2626965641975403
9,650,6144,3,200.0,2121.3333333333335,-0.0014634030201705172,26826.962376403808,1970,-0.45763463312759994,7239.1806640625,0.0008911522,0.0003,0.004345703125,0.2,0.11855751276016235
13,630,8192,4,200.0,2156.0,-0.0016796523268567398,27366.48134765625,1980,-0.46390019813552497,14344.771484375,0.0019648566,0.0003,0.011669921875,0.2,0.07738345861434937
16,615,10240,5,200.0,2190.0,-0.004249748152506072,27839.59189453125,1990,-0.46300569772720335,13138.275390625,0.004092001,0.0003,0.05625,0.2,0.08486747741699219
2,819,2048,1,200.0,2242.0,-0.0009332335059298203,26518.010134887696,2000,-0.4671865936368704,18341.263671875,0.001101996,0.0003,0.008935546875,0.2,0.11089688539505005
6,679,4096,2,200.0,2208.0,-0.002115173661877634,24252.4291015625,1960,-0.24349256581626832,7302.83203125,0.0011406377,0.0003,0.0111328125,0.2,0.14979463815689087
9,655,6144,3,200.0,2212.6666666666665,-0.0010978395923302742,26504.888954162598,1970,-0.2693127798847854,8109.46533203125,0.00088428287,0.0003,0.01171875,0.2,0.09012126922607422
12,642,8192,4,200.0,2215.25,-0.0008660025254357606,27406.715313720702,1980,-0.25298845358192923,13810.1123046875,0.00093202037,0.0003,0.00732421875,0.2,0.08258295059204102
16,635,10240,5,200.0,2220.5882352941176,-0.00012299168229219505,27638.956269836424,1990,-0.24996484527364374,26690.85546875,0.00032043958,0.0003,0.0,0.2,0.0890960693359375
2,948,2048,1,200.0,2288.0,-0.00013954023306723685,27339.34510192871,2000,-0.24675219003111123,9656.30078125,0.00036172412,0.0003,0.0,0.2,0.08139044046401978
5,741,4096,2,200.0,2287.0,-0.004516500920726685,28617.289892578126,2010,-0.4523141451179981,6990.28369140625,0.0036752182,0.0003,0.040087890625,0.2,0.07181984186172485
8,688,6144,3,200.0,2288.0,-0.004749520833138376,27697.712326049805,2020,-0.45998091334477065,6957.48583984375,0.0030307563,0.0003,0.039990234375,0.2,0.127718985080719
12,668,8192,4,200.0,2287.5,-0.00043494312121765687,29736.756130981445,2030,-0.4533162651583552,14177.3642578125,0.00088702154,0.0003,0.008837890625,0.2,0.06286603212356567
15,657,10240,5,200.0,2299.8039215686276,-0.00166297439718619,27471.20325164795,2040,-0.43738579247146847,18818.8515625,0.0024002981,0.0003,0.02353515625,0.2,0.14911192655563354
2,899,2048,1,200.0,2261.0,-0.0019421942066401242,27482.827993774416,2050,-0.4394843691028655,23576.130859375,0.00231684,0.0003,0.015283203125,0.2,0.11337476968765259
5,697,4096,2,200.0,2244.5,-0.00046895735431462526,26842.204783630372,2010,-0.23396165291778742,6021.94189453125,0.0010641227,0.0003,0.001708984375,0.2,0.08065110445022583
9,653,6144,3,200.0,2243.0,-0.0005467156290251296,28565.721153259277,2020,-0.23577639167197048,33367.16796875,0.0007225313,0.0003,0.00615234375,0.2,0.06887173652648926
12,632,8192,4,200.0,2253.0,-0.0018301747943041847,28289.466465759277,2030,-0.2673160167876631,17737.181640625,0.0010560005,0.0003,0.025390625,0.2,0.08403772115707397
16,618,10240,5,200.0,2250.9803921568628,-0.001038871171476785,26156.694943237304,2040,-0.2883438728749752,8304.271484375,0.00074200635,0.0003,0.012939453125,0.2,0.100658118724823
2,899,2048,1,200.0,2233.0,-0.0011497389852593188,30095.681170654298,2050,-0.28569098985753955,24630.23828125,0.0010063715,0.0003,0.00693359375,0.2,0.072238028049469
5,695,4096,2,200.0,2270.5,-0.001732114626065595,26703.263041687012,2060,-0.44893893515691163,20575.197265625,0.0019798311,0.0003,0.025341796875,0.2,0.4144328832626343
9,655,6144,3,200.0,2281.6666666666665,-0.0011710322163708043,27889.169911193847,2070,-0.42540267296135426,11223.4306640625,0.0022615483,0.0003,0.013818359375,0.2,0.07673287391662598
12,632,8192,4,200.0,2288.75,-0.0028878881435957736,27894.344532775878,2080,-0.43245830088853837,9853.6669921875,0.0028780582,0.0003,0.0263671875,0.2,0.07456368207931519
16,614,10240,5,200.0,2304.705882352941,-0.0010809592880832498,27992.84328613281,2090,-0.41757072443142534,10479.7451171875,0.001225512,0.0003,0.004833984375,0.2,0.09105604887008667
2,890,2048,1,200.0,2224.0,-0.001013669354142621,28574.013414001463,2100,-0.42909843325614927,12227.359375,0.00202628,0.0003,0.018603515625,0.2,0.051023900508880615
5,696,4096,2,200.0,2253.0,-0.0006465322185249534,29115.89803009033,2060,-0.3034949083812535,8054.66357421875,0.0007621697,0.0003,0.006005859375,0.2,0.07604056596755981
9,645,6144,3,200.0,2250.6666666666665,-0.0005945576551312115,25471.34070739746,2070,-0.3153560688253492,17467.06640625,0.00060226227,0.0003,0.0095703125,0.2,0.12150073051452637
13,628,8192,4,200.0,2250.0,-0.001777424530882854,28094.6800201416,2080,-0.28406527256593106,10128.3662109375,0.0017756152,0.0003,0.02177734375,0.2,0.09040886163711548
16,613,10240,5,200.0,2248.823529411765,-3.2947341969702394e-05,28091.185652160646,2090,-0.2860677983146161,8974.513671875,0.00038661828,0.0003,0.0001953125,0.2,0.08255273103713989
2,878,2048,1,200.0,2302.0,-0.0007459104643203318,31028.052882385255,2100,-0.31639025639742613,21741.48046875,0.0008440018,0.0003,0.012109375,0.2,0.054238319396972656
5,683,4096,2,200.0,2283.0,-0.000851896389212925,26885.71001739502,2110,-0.432644435018301,12530.8251953125,0.0010270637,0.0003,0.0076171875,0.2,0.09975272417068481
9,646,6144,3,200.0,2283.3333333333335,-0.0019257352942076977,30019.209300231934,2120,-0.4413514063693583,13024.9951171875,0.0023826999,0.0003,0.017529296875,0.2,0.054656922817230225
13,626,8192,4,200.0,2279.0,-0.003689203238172922,24571.972422790528,2130,-0.4279047580435872,5269.95263671875,0.004988324,0.0003,0.032958984375,0.2,0.16607701778411865
16,619,10240,5,200.0,2284.5098039215686,-0.0011555992146895732,28320.3190246582,2140,-0.4203340901061893,14887.9111328125,0.0016146685,0.0003,0.009814453125,0.2,0.1556529402732849
2,902,2048,1,200.0,2220.0,-0.0016133493001689204,29085.378211975098,2150,-0.4363964359275997,18713.955078125,0.0023673838,0.0003,0.02763671875,0.2,0.07414180040359497
5,702,4096,2,200.0,2242.0,-0.002010404836619273,27952.827030944823,2110,-0.3270007581450045,11859.01953125,0.0016086118,0.0003,0.02138671875,0.2,0.07610195875167847
9,658,6144,3,200.0,2233.3333333333335,-0.00013319709250936285,26630.938066101073,2120,-0.33970177453011274,14594.5205078125,0.0008896792,0.0003,0.00390625,0.2,0.08567643165588379
12,640,8192,4,200.0,2231.5,-9.851475624600425e-05,27057.407464599608,2130,-0.3570486602373421,16595.23046875,0.0005325301,0.0003,0.001953125,0.2,0.08246207237243652
16,629,10240,5,200.0,2241.764705882353,1.9020240870304407e-06,28915.753381347655,2140,-0.34396694470196965,15144.6767578125,0.0007849938,0.0003,0.0,0.2,0.08109664916992188
2,865,2048,1,200.0,2262.0,-0.0014988487047958188,26490.716188049315,2150,-0.30267214179039004,24939.4453125,0.0021852993,0.0003,0.01220703125,0.2,0.11614573001861572
5,695,4096,2,200.0,2261.0,-0.0019550231976609212,27705.765086364747,2160,-0.439293899666518,18070.70703125,0.002769317,0.0003,0.025048828125,0.2,0.08147680759429932
9,651,6144,3,200.0,2269.3333333333335,-0.0025500880015897564,28386.740589904784,2170,-0.4495323061943054,21151.23828125,0.003111937,0.0003,0.0326171875,0.2,0.08331114053726196
12,631,8192,4,200.0,2273.5,-0.0019707862069481053,26823.529675292968,2180,-0.44925679825246334,11840.3837890625,0.0013793898,0.0003,0.01474609375,0.2,0.09859997034072876
16,619,10240,5,200.0,2184.5098039215686,-0.0014742406281584408,27552.764270019532,2190,-0.46095518888905646,15557.8759765625,0.0021861861,0.0003,0.01591796875,0.2,0.06554621458053589
2,890,2048,1,200.0,2288.0,-0.0012093483353964984,23870.913165283204,2200,-0.45352834574878215,3386.293701171875,0.0016539566,0.0003,0.009619140625,0.2,0.6023746132850647
5,696,4096,2,200.0,2253.0,-0.0004930314440571238,26997.963761901854,2160,-0.27298800903372467,10906.19140625,0.0007602125,0.0003,0.002392578125,0.2,0.07822823524475098
9,654,6144,3,200.0,2235.6666666666665,-4.5853816845919934e-05,28865.384745788575,2170,-0.27704194812104105,24210.78515625,0.00018432681,0.0003,0.0,0.2,0.08124417066574097
12,634,8192,4,200.0,2236.25,-0.002052621302573243,28695.36460876465,2180,-0.31889059729874136,11050.544921875,0.0015687603,0.0003,0.028759765625,0.2,0.07135498523712158
16,619,10240,5,200.0,2223.921568627451,-0.00044018667249474676,26051.30354614258,2190,-0.31004409193992616,23125.435546875,0.00070479343,0.0003,0.002099609375,0.2,0.09463238716125488
2,887,2048,1,200.0,2305.0,1.4870500308461487e-05,29484.001945495605,2200,-0.30717899268493054,13827.4013671875,0.000328583,0.0003,0.0,0.2,0.053619444370269775
5,689,4096,2,200.0,2282.0,-0.0016600262635620311,27617.5599319458,2210,-0.4269972560927272,10271.740234375,0.0023986641,0.0003,0.027734375,0.2,0.08626610040664673
9,645,6144,3,200.0,2280.0,-0.0023454976282664573,25649.566146850586,2220,-0.4119290058501065,12168.5400390625,0.0021181135,0.0003,0.014892578125,0.2,0.32474052906036377
13,624,8192,4,200.0,2290.5,-0.001204579568002373,28633.739654541016,2230,-0.408815557602793,22641.67578125,0.0007625485,0.0003,0.020166015625,0.2,0.08707481622695923
16,613,10240,5,200.0,2231.176470588235,-0.0002860921566025354,26731.140730285646,2240,-0.41014988664537666,24828.25390625,0.00079388625,0.0003,0.010302734375,0.2,0.0742986798286438
2,883,2048,1,200.0,2220.0,-0.001125480323753436,26903.148893737794,2250,-0.41575699327513577,11551.5078125,0.0018815922,0.0003,0.010400390625,0.2,0.471649706363678
5,693,4096,2,200.0,2233.0,-0.000799080455180956,27658.776676940917,2210,-0.28357266206294296,7280.19140625,0.0008418153,0.0003,0.009130859375,0.2,0.10986220836639404
9,655,6144,3,200.0,2131.3333333333335,-0.00045664079807465895,28166.939894104005,2220,-0.2662873351946473,9049.78515625,0.00060001796,0.0003,0.00107421875,0.2,0.055185139179229736
12,640,8192,4,200.0,2156.0,-0.0006584842754818965,28364.214907836915,2230,-0.2609041817486286,10609.9228515625,0.0009787274,0.0003,0.003955078125,0.2,0.6051338911056519
16,629,10240,5,200.0,2180.1960784313724,-0.0012876145694463049,28742.395484924316,2240,-0.26823919038288296,13163.1513671875,0.0011089181,0.0003,0.017529296875,0.2,0.07607978582382202
2,925,2048,1,200.0,2344.0,-0.002046433187206276,30119.864962768555,2250,-0.2771599357947707,12135.6572265625,0.0011386196,0.0003,0.01025390625,0.2,0.05000275373458862
5,725,4096,2,200.0,2271.5,-0.0032870316150365396,26865.296688842773,2260,-0.41242417357861993,19573.2265625,0.0025211363,0.0003,0.02646484375,0.2,0.08414077758789062
9,675,6144,3,200.0,2275.0,-0.0017452772612159607,25302.958428955077,2270,-0.42204074952751397,19625.658203125,0.0011026233,0.0003,0.024365234375,0.2,0.520575225353241
12,652,8192,4,200.0,2293.0,-0.0007872008951380849,29173.34226989746,2280,-0.41331559531390666,12140.033203125,0.0018692948,0.0003,0.01767578125,0.2,0.2868792414665222
15,640,10240,5,200.0,2285.098039215686,-0.001765040609461721,27252.90721282959,2290,-0.44323891326785086,10687.1943359375,0.004009722,0.0003,0.03779296875,0.2,0.06616497039794922
2,912,2048,1,200.0,2167.0,-0.0018677741994906683,31029.479637145996,2300,-0.4463122096844018,11446.2685546875,0.0027173962,0.0003,0.028955078125,0.2,0.06860548257827759
5,716,4096,2,200.0,2196.0,-0.0010755355673609302,28530.78011779785,2260,-0.2442855119239539,12826.3759765625,0.0015102299,0.0003,0.01162109375,0.2,0.07809633016586304
9,668,6144,3,200.0,2216.6666666666665,-0.0005308809006237425,29456.99261932373,2270,-0.22260543014854192,16816.26171875,0.0005056865,0.0003,0.00244140625,0.2,0.049725472927093506
12,648,8192,4,200.0,2210.0,-0.0007676739180169534,26662.26354370117,2280,-0.23326232568360866,8698.12109375,0.00061341724,0.0003,0.00927734375,0.2,0.07656961679458618
16,637,10240,5,200.0,2206.078431372549,4.166136641288176e-05,28183.730911254883,2290,-0.2300733624957502,15724.373046875,3.2574695e-05,0.0003,0.0,0.2,0.08882570266723633
2,911,2048,1,200.0,2370.0,-0.001039259578101337,30527.278514099122,2300,-0.23580741551704704,20373.078125,0.0012581289,0.0003,0.00771484375,0.2,0.07032793760299683
5,718,4096,2,200.0,2367.5,-0.0012504904385423287,26884.59404296875,2310,-0.4377406836487353,5846.5107421875,0.0012281826,0.0003,0.0173828125,0.2,0.06319272518157959
9,671,6144,3,200.0,2337.3333333333335,-0.0017684518847090659,26507.35326385498,2320,-0.4290385969914496,10411.12890625,0.0017724265,0.0003,0.0158203125,0.2,0.0792655348777771
12,647,8192,4,200.0,2359.25,-0.00224308644537814,28626.861563110353,2330,-0.45275319647043943,13933.052734375,0.0018329162,0.0003,0.0251953125,0.2,0.07576894760131836
16,636,10240,5,200.0,2363.921568627451,-0.002044277245295234,22828.375466918944,2340,-0.4687012078240514,16043.4833984375,0.0030959276,0.0003,0.0255859375,0.2,0.09583860635757446
2,940,2048,1,200.0,2244.0,-0.0008584711744333617,29383.77924346924,2350,-0.47726615285500884,7291.95166015625,0.0017031624,0.0003,0.010400390625,0.2,0.04162585735321045
5,740,4096,2,200.0,2243.0,-0.00028209290467202665,27788.026741027832,2310,-0.23582709776237606,10172.521484375,0.00041869623,0.0003,0.002978515625,0.2,0.06526738405227661
8,687,6144,3,200.0,2248.3333333333335,5.0759981968440114e-05,27708.128453063964,2320,-0.24280127231031656,12450.7685546875,9.1513415e-05,0.0003,0.0,0.2,0.08109456300735474
12,664,8192,4,200.0,2258.25,-0.00040848617936717346,26742.20097961426,2330,-0.23603089186362922,13725.9111328125,0.000610046,0.0003,0.003515625,0.2,0.10384410619735718
15,652,10240,5,200.0,2231.5686274509803,-0.0005212861811742187,28793.455282592775,2340,-0.2300777966156602,6932.93359375,0.00066939805,0.0003,0.00185546875,0.2,0.0626174807548523
2,901,2048,1,200.0,2344.0,-0.0006261593975068535,31430.072219848633,2350,-0.2579030481632799,22279.974609375,0.0009128833,0.0003,0.0103515625,0.2,0.5137227773666382
5,724,4096,2,200.0,2316.0,-0.0014555013040080667,27665.37062072754,2360,-0.47142134681344033,10277.931640625,0.0016042886,0.0003,0.016796875,0.2,0.059740304946899414
9,681,6144,3,200.0,2334.0,-0.002091593389923219,31891.26267089844,2370,-0.4645387216471136,14092.22265625,0.0022859112,0.0003,0.021875,0.2,0.0567285418510437
12,655,8192,4,200.0,2314.0,-0.0016364242765121162,27276.813145446777,2380,-0.4553751677274704,11759.51953125,0.0030628364,0.0003,0.02392578125,0.2,0.055759310722351074
16,635,10240,5,200.0,2306.470588235294,-0.0008318850785144604,27959.402030944824,2390,-0.4693832258693874,10363.1611328125,0.0028110868,0.0003,0.0203125,0.2,0.057209670543670654
2,865,2048,1,200.0,2290.0,-0.0023721042030956595,29141.40940704346,2400,-0.4887208932079375,7991.912109375,0.0024134251,0.0003,0.0181640625,0.2,0.08486080169677734
5,690,4096,2,200.0,2285.0,-0.0008109160276944749,28226.83672180176,2360,-0.2916698129847646,4730.20703125,0.0006450978,0.0003,0.012158203125,0.2,0.06623256206512451
9,639,6144,3,200.0,2285.0,-0.0007865832420065999,25473.712322998046,2370,-0.32738152537494897,4311.189453125,0.0012324159,0.0003,0.012109375,0.2,0.11950594186782837
13,621,8192,4,200.0,2236.5,-0.0018100261033396237,27978.576599121094,2380,-0.3751915293745697,5577.06689453125,0.0018048072,0.0003,0.02412109375,0.2,0.2243533730506897
16,608,10240,5,200.0,2237.843137254902,-0.0006922495471371803,25312.08819885254,2390,-0.37711833892390134,4202.7451171875,0.0007413572,0.0003,0.00107421875,0.2,0.28926700353622437
2,794,2048,1,200.0,2309.0,-0.0009585615960531868,30190.701974487303,2400,-0.37120504239574076,24459.57421875,0.001725083,0.0003,0.006396484375,0.2,0.0782623291015625
6,670,4096,2,200.0,2163.0,-0.002331943927856628,29885.808421325684,2410,-0.47385739600285887,13733.294921875,0.003211285,0.0003,0.029052734375,0.2,0.05729550123214722
9,638,6144,3,200.0,2225.3333333333335,-0.001791943030548282,26980.26110229492,2420,-0.5604337587952614,12970.8056640625,0.0026661064,0.0003,0.0193359375,0.2,0.31212061643600464
13,625,8192,4,200.0,2239.5,-0.0005536409938940778,27901.740480041502,2430,-0.4727323081344366,14423.0029296875,0.0013522899,0.0003,0.01142578125,0.2,0.061595380306243896
16,609,10240,5,200.0,2265.8823529411766,-0.004399916758120526,28783.14235076904,2440,-0.4927195439115167,19349.990234375,0.003672625,0.0003,0.044189453125,0.2,0.08085328340530396
2,916,2048,1,200.0,2137.0,-0.0015132795386307407,29456.136340332032,2450,-0.5058868040330708,14681.8798828125,0.0025212683,0.0003,0.02509765625,0.2,0.054646968841552734
5,718,4096,2,200.0,2213.5,-0.00070711270927859,26039.142657470704,2410,-0.3686009615659714,8203.228515625,0.0013346514,0.0003,0.009619140625,0.2,0.5200613737106323
9,667,6144,3,200.0,2232.0,-0.0018064350326312706,27933.27187347412,2420,-0.34943055287003516,9158.1982421875,0.0019775615,0.0003,0.025830078125,0.2,0.07086122035980225
12,644,8192,4,200.0,2261.5,-0.0015203771508822683,28752.488639831543,2430,-0.3867823213338852,9727.4091796875,0.0012940053,0.0003,0.02158203125,0.2,0.07222813367843628
16,627,10240,5,200.0,2248.235294117647,-0.00044791782420361415,25281.136611938477,2440,-0.3641451084986329,11744.09375,0.0016688937,0.0003,0.00244140625,0.2,0.061603844165802
2,857,2048,1,200.0,2342.0,-0.0007157452200772241,32873.15938720703,2450,-0.38008130686357616,18076.71875,0.001276931,0.0003,0.008544921875,0.2,0.04121512174606323
5,694,4096,2,200.0,2332.5,-0.004023870124365203,27412.858793640138,2460,-0.48695146208629014,22871.384765625,0.0035386556,0.0003,0.045751953125,0.2,0.07171207666397095
9,643,6144,3,200.0,2242.0,-0.0010239119990728795,27844.40644683838,2470,-0.4800053184852004,15883.8974609375,0.002846657,0.0003,0.019384765625,0.2,0.06699472665786743
13,624,8192,4,200.0,2278.25,-0.0030007559034856968,25550.750901794432,2480,-0.4933736673556268,9468.783203125,0.0024989045,0.0003,0.027978515625,0.2,0.2870900630950928
16,615,10240,5,200.0,2254.3137254901962,-0.0012372546727419831,25980.66106262207,2490,-0.5296504943631589,11526.7958984375,0.0014698285,0.0003,0.016748046875,0.2,0.07227146625518799
2,865,2048,1,200.0,2267.0,-0.005844758302555419,28937.16625518799,2500,-0.5434774880297482,13379.33984375,0.0038547514,0.0003,0.053076171875,0.2,0.21302950382232666
5,688,4096,2,200.0,2274.5,-0.0019184086908353493,26795.689646911622,2460,-0.3898742439225316,9370.66796875,0.002212142,0.0003,0.019287109375,0.2,0.08239424228668213
9,643,6144,3,200.0,2164.0,-0.0003483554537524469,27226.4624420166,2470,-0.3654614008963108,7993.39453125,0.0011051497,0.0003,0.001513671875,0.2,0.07841402292251587
13,629,8192,4,200.0,2179.0,-0.0005701256741303951,26716.355825805666,2480,-0.3393674702383578,9762.0947265625,0.0012573763,0.0003,0.00029296875,0.2,0.47861677408218384
16,625,10240,5,200.0,2212.156862745098,-0.0017747223857440986,29274.543173217775,2490,-0.2791473182849586,13375.109375,0.0017245385,0.0003,0.014453125,0.2,0.08573704957962036
